Bread,13.96
Bread,6.98
Bread,8.14
Dairy,1.55
Dairy,13.57
Dairy,4.69
Dairy,5.22
Bread,9.22
Bread,3.97
Bread,2.16
Bread,5.03
Bread,12.69
Dairy,10.41
Dairy,3.19
Dairy,1.30
Dairy,14.45
Dairy,7.00
Bread,14.44
Bread,8.42
Bread,12.87
Bread,6.69
Bread,1.99
Bread,7.77
Bread,12.37
Delci,9.28
Dairy,11.73
Dairy,13.83
Bread,13.38
Dairy,14.41
Bread,10.44
Bread,9.53
Delci,8.34
Bread,4.90
Bread,14.26
Dairy,2.54
Dairy,5.84
Squirrels,5.76
Bread,4.07
Dairy,14.76
Dairy,7.17
Dairy,13.12
Bread,12.07
Bread,12.52
Bread,7.47
Bread,0.98
Bread,2.17
Dairy,8.70
Bread,1.95
Fluffy,4.86
Bread,Squirrels
Dairy,5.04
Bread,13.18
Bread,5.99
Dairy,3.76
Dairy,3.16
Dairy,1.36
Dairy,1.25
Dairy,Fluffy
Dairy,1.36
Bread,3.48
Dairy,14.74
Squirrels,13.15
Bread,14.68
Bread,12.34
Bread,13.71
Bread,12.31
Bread,Delci
Dairy,12.88
Dairy,3.63
Bread,5.40
Dairy,5.09
Dairy,2.45
Dairy,2.32
Dairy,10.93
Bread,7.54
Dairy,2.09
Bread,5.57
Dairy,6.78
Dairy,12.89
Dairy,3.66
Dairy,4.71
Bread,3.42
Dairy,10.78
Bread,9.19
Bread,8.28
Dairy,6.41
Dairy,4.55
Bread,13.90
Bread,2.98
Bread,4.84
Dairy,Squirrels
Bread,11.98
Dairy,2.88
Bread,0.87
Bread,14.82
Bread,3.25
Dairy,7.53
Dairy,9.48
Dairy,4.85
Delci,2.92
Dairy,1.93
Bread,6.40
Dairy,13.48
Bread,8.92
Bread,Squirrels
Dairy,7.76
Dairy,10.33
Bread,Fluffy
Squirrels,13.94
Bread,8.31
Dairy,11.55
Bread,2.83
Dairy,8.00
Bread,Squirrels
Bread,3.40
Bread,3.25
Dairy,1.09
Delci,2.23
Bread,13.77
Bread,Fluffy
Bread,6.07
Dairy,9.50
Bread,8.64
Bread,6.23
Bread,13.58
Dairy,2.53
Bread,3.14
Bread,Fluffy
Bread,0.95
Dairy,7.59
Bread,11.07
Dairy,3.08
Bread,14.22
Dairy,14.94
Dairy,1.27
Dairy,5.66
Bread,7.93
Dairy,10.59
Dairy,10.75
Dairy,9.99
Squirrels,4.10
Squirrels,7.63
Dairy,4.91
Bread,11.43
Dairy,12.43
Dairy,6.40
Dairy,4.62
Bread,11.83
Delci,7.97
Dairy,13.34
Dairy,Fluffy
Dairy,5.51
Bread,14.52
Dairy,5.79
Bread,4.27
Dairy,3.55
Dairy,2.75
Bread,12.48
Dairy,14.02
Dairy,6.26
Bread,11.40
Dairy,10.01
Dairy,14.34
Dairy,1.97
Dairy,Squirrels
Bread,9.25
Dairy,Squirrels
Dairy,6.78
Bread,Fluffy
Dairy,Squirrels
Bread,5.28
Bread,1.97
Bread,12.72
Bread,6.69
Dairy,6.34
Dairy,8.63
Dairy,0.91
Dairy,13.10
Squirrels,11.46
Bread,1.53
Dairy,11.16
Dairy,5.41
Dairy,2.36
Fluffy,14.49
Dairy,3.89
Bread,8.64
Dairy,5.03
Squirrels,3.60
Dairy,12.51
Dairy,1.30
Dairy,5.63
Dairy,4.14
Dairy,3.90
Dairy,5.47
Bread,3.93
Bread,4.89
Fluffy,3.34
Dairy,3.41
Bread,2.96
Dairy,6.44
Dairy,14.03
Dairy,6.25
Bread,8.67
Fluffy,12.21
Bread,7.86
Bread,3.68
Dairy,2.58
Dairy,10.20
Bread,13.03
Bread,2.97
Bread,9.62
Bread,Squirrels
Bread,2.13
Bread,Squirrels
Bread,11.70
Bread,12.06
Bread,9.39
Dairy,5.99
Bread,7.33
Dairy,11.27
Fluffy,3.00
Bread,7.66
Dairy,7.86
Dairy,6.03
Dairy,11.14
Dairy,11.69
Dairy,1.73
Bread,13.60
Dairy,5.65
Dairy,3.68
Bread,2.10
Dairy,5.42
Bread,1.92
Bread,12.87
Bread,8.52
Dairy,5.81
Bread,1.21
Dairy,12.20
Dairy,14.11
Dairy,10.97
Bread,4.15
Bread,6.62
Dairy,7.04
Bread,6.64
Bread,5.99
Dairy,7.28
Dairy,3.28
Delci,10.55
Bread,11.34
Dairy,1.34
Dairy,12.50
Bread,1.86
Dairy,14.10
Bread,3.48
Bread,Fluffy
Bread,13.44
Bread,4.41
Bread,3.48
Dairy,Fluffy
Dairy,2.44
Bread,10.60
Dairy,7.35
Dairy,8.74
Bread,12.41
Bread,6.08
Bread,Fluffy
Bread,4.33
Dairy,3.36
Dairy,5.69
Bread,12.78
Dairy,11.29
Bread,12.41
Dairy,1.06
Bread,9.68
Bread,11.65
Bread,9.56
Dairy,12.33
Dairy,5.23
Bread,10.96
Dairy,12.55
Bread,5.85
Bread,5.65
Dairy,5.32
Dairy,9.87
Dairy,2.71
Delci,14.58
Dairy,5.21
Dairy,2.16
Bread,4.71
Bread,6.85
Delci,5.40
Bread,8.31
Dairy,10.88
Bread,7.89
Dairy,14.40
Bread,Delci
Bread,Squirrels
Bread,4.48
Bread,7.51
Bread,7.84
Dairy,11.12
Dairy,1.81
Bread,9.20
Squirrels,6.42
Bread,12.14
Bread,13.23
Bread,Fluffy
Bread,5.26
Dairy,6.87
Dairy,3.48
Dairy,2.64
Dairy,Delci
Dairy,4.78
Dairy,8.78
Bread,13.55
Dairy,11.54
Dairy,4.17
Dairy,11.52
Bread,10.24
Dairy,13.15
Dairy,6.17
Dairy,10.48
Bread,14.51
Dairy,Delci
Dairy,13.52
Bread,14.34
Dairy,7.99
Dairy,8.09
Dairy,6.33
Dairy,14.91
Bread,5.28
Dairy,14.49
Dairy,5.94
Bread,5.57
Dairy,6.03
Dairy,8.50
Dairy,7.66
Bread,8.51
Bread,1.88
Bread,13.34
Dairy,3.62
Bread,3.27
Dairy,7.04
Bread,Delci
Bread,4.45
Bread,0.83
Bread,3.62
Bread,11.08
Dairy,4.02
Dairy,12.58
Dairy,4.51
Dairy,6.25
Bread,7.95
Squirrels,1.40
Bread,7.53
Bread,0.83
Bread,8.46
Bread,5.15
Dairy,9.85
Dairy,8.53
Dairy,2.68
Fluffy,9.19
Squirrels,11.09
Bread,0.96
Fluffy,10.87
Bread,9.14
Dairy,3.52
Bread,13.59
Bread,Fluffy
Dairy,12.06
Dairy,9.82
Dairy,2.36
Dairy,3.86
Bread,Fluffy
Dairy,14.74
Bread,8.11
Dairy,6.21
Dairy,14.79
Bread,4.19
Dairy,13.47
Bread,4.34
Dairy,5.73
Bread,5.81
Dairy,9.57
Dairy,5.60
Dairy,5.86
Bread,9.70
Bread,11.84
Dairy,12.60
Bread,4.31
Bread,7.65
Bread,7.65
Dairy,1.64
Dairy,11.36
Bread,7.33
Bread,2.95
Bread,Delci
Bread,13.63
Bread,4.10
Dairy,4.64
Dairy,3.58
Bread,7.77
Dairy,7.91
Dairy,8.36
Bread,14.27
Bread,7.14
Dairy,13.19
Bread,9.08
Bread,8.39
Bread,7.10
Bread,6.09
Bread,8.25
Dairy,9.06
Dairy,2.63
Dairy,Fluffy
Bread,12.21
Dairy,10.33
Bread,14.86
Dairy,0.86
Bread,10.68
Bread,2.05
Bread,3.28
Bread,11.45
Bread,10.42
Bread,5.03
Bread,14.43
Bread,8.13
Dairy,6.48
Bread,1.33
Bread,0.85
Dairy,10.04
Dairy,9.24
Dairy,Delci
Bread,5.61
Dairy,8.58
Bread,12.53
Dairy,1.92
Dairy,Squirrels
Delci,1.07
Dairy,11.00
Dairy,10.42
Dairy,5.01
Bread,0.87
Dairy,5.42
Dairy,8.64
Bread,11.54
Bread,2.61
Dairy,8.49
Dairy,13.85
Bread,6.06
Dairy,4.27
Dairy,1.17
Bread,13.71
Dairy,12.63
Fluffy,6.61
Dairy,5.36
Bread,11.95
Bread,10.71
Dairy,3.72
Bread,5.00
Dairy,13.56
Dairy,2.67
Dairy,Delci
Dairy,Fluffy
Bread,7.66
Bread,Squirrels
Dairy,14.28
Dairy,1.94
Bread,12.33
Bread,1.56
Dairy,0.91
Dairy,1.97
Bread,Squirrels
Dairy,1.88
Bread,14.73
Bread,3.90
Dairy,14.16
Dairy,12.62
Dairy,13.61
Dairy,3.70
Dairy,Delci
Dairy,6.47
Bread,Fluffy
Bread,11.83
Dairy,10.15
Dairy,7.15
Bread,3.40
Bread,13.52
Bread,Delci
Bread,13.47
Bread,12.21
Dairy,12.39
Dairy,12.43
Dairy,12.38
Dairy,9.29
Bread,5.89
Bread,11.50
Bread,5.08
Delci,6.98
Dairy,12.84
Bread,0.95
Dairy,9.81
Dairy,10.76
Dairy,8.72
Dairy,8.78
Dairy,3.40
Bread,6.46
Dairy,2.46
Bread,5.17
Bread,2.91
Dairy,0.93
Dairy,13.66
Dairy,8.99
Bread,Delci
Bread,12.03
Bread,3.27
Bread,2.66
Bread,5.37
Dairy,9.73
Bread,10.82
Delci,3.33
Dairy,7.65
Dairy,12.08
Dairy,7.72
Bread,Squirrels
Dairy,2.53
Dairy,13.76
Dairy,12.16
Bread,10.27
Bread,5.20
Dairy,Fluffy
Dairy,Fluffy
Dairy,1.54
Bread,3.10
Dairy,5.92
Bread,3.13
Dairy,12.71
Dairy,1.29
Bread,4.72
Dairy,7.88
Dairy,3.10
Bread,13.72
Bread,9.73
Bread,15.00
Bread,2.81
Bread,7.72
Dairy,3.38
Dairy,6.78
Bread,9.39
Bread,0.88
Bread,3.77
Dairy,6.64
Dairy,4.60
Bread,13.55
Bread,3.92
Dairy,1.88
Dairy,1.36
Dairy,2.84
Bread,2.41
Fluffy,7.07
Dairy,1.39
Bread,11.36
Dairy,7.21
Bread,12.81
Dairy,1.00
Dairy,12.76
Dairy,12.40
Bread,8.19
Dairy,8.28
Bread,5.70
Dairy,10.75
Bread,13.05
Bread,13.31
Dairy,10.50
Dairy,6.65
Bread,13.59
Dairy,4.22
Bread,7.38
Bread,8.53
Dairy,4.36
Dairy,10.57
Bread,14.29
Dairy,Delci
Dairy,13.38
Bread,5.81
Dairy,12.58
Bread,3.35
Bread,8.24
Dairy,Delci
Bread,2.20
Bread,3.04
Bread,14.68
Fluffy,11.16
Bread,4.74
Dairy,2.26
Bread,3.51
Bread,5.20
Dairy,6.10
Bread,2.68
Dairy,14.01
Bread,2.93
Dairy,13.75
Dairy,12.61
Bread,6.57
Bread,4.15
Bread,1.31
Squirrels,6.75
Delci,4.93
Dairy,11.85
Dairy,8.63
Bread,9.96
Dairy,14.17
Bread,8.91
Dairy,11.27
Bread,7.68
Dairy,7.91
Bread,7.71
Bread,9.91
Bread,1.60
Bread,10.34
Dairy,7.44
Bread,3.48
Dairy,12.42
Bread,12.85
Dairy,3.00
Bread,8.31
Bread,5.72
Bread,6.71
Squirrels,4.49
Dairy,8.05
Bread,6.28
Delci,11.79
Dairy,14.12
Bread,13.57
Bread,6.00
Bread,Squirrels
Bread,10.92
Bread,11.00
Bread,6.66
Dairy,2.54
Dairy,Fluffy
Delci,14.82
Dairy,10.50
Dairy,8.04
Bread,8.35
Dairy,3.60
Bread,10.98
Dairy,4.25
Bread,12.65
Dairy,1.70
Dairy,11.92
Dairy,4.70
Dairy,4.18
Bread,8.98
Dairy,14.61
Dairy,3.30
Dairy,9.26
Dairy,3.10
Dairy,1.66
Bread,14.18
Dairy,14.78
Dairy,6.76
Bread,8.62
Bread,15.00
Bread,2.11
Bread,Fluffy
Bread,9.86
Dairy,13.22
Dairy,1.93
Fluffy,14.87
Bread,2.49
Dairy,3.05
Bread,1.70
Bread,11.33
Dairy,5.40
Squirrels,6.53
Bread,2.93
Dairy,10.51
Bread,1.36
Bread,11.99
Bread,4.83
Dairy,3.91
Bread,12.76
Dairy,4.60
Dairy,4.64
Bread,8.88
Bread,Squirrels
Dairy,5.44
Bread,6.94
Dairy,9.51
Bread,14.59
Dairy,9.67
Bread,6.27
Dairy,1.38
Squirrels,14.40
Bread,7.54
Bread,2.49
Bread,13.36
Bread,3.60
Bread,3.23
Dairy,0.86
Dairy,Squirrels
Dairy,12.70
Dairy,2.17
Dairy,10.17
Bread,7.19
Fluffy,11.95
Bread,9.93
Bread,Delci
Dairy,1.16
Bread,3.24
Bread,1.92
Bread,12.41
Dairy,12.83
Dairy,Fluffy
Dairy,4.03
Dairy,12.81
Dairy,9.59
Bread,13.07
Dairy,11.50
Bread,12.06
Dairy,2.31
Dairy,Fluffy
Dairy,4.16
Bread,5.77
Bread,10.93
Dairy,6.81
Dairy,Fluffy
Delci,8.47
Dairy,14.60
Dairy,9.40
Bread,Fluffy
Bread,11.50
Dairy,7.59
Bread,Fluffy
Delci,5.99
Bread,5.99
Dairy,14.93
Dairy,8.03
Dairy,8.48
Bread,2.27
Dairy,6.85
Dairy,12.50
Dairy,7.92
Dairy,14.02
Bread,11.77
Dairy,13.67
Bread,8.98
Bread,Squirrels
Dairy,7.70
Dairy,3.51
Dairy,9.32
Dairy,3.87
Bread,9.70
Bread,6.47
Bread,6.44
Bread,10.84
Fluffy,8.85
Dairy,5.21
Dairy,14.77
Dairy,10.61
Dairy,Delci
Bread,5.85
Bread,12.77
Squirrels,4.42
Dairy,4.17
Dairy,1.64
Bread,13.88
Dairy,8.54
Dairy,Delci
Dairy,Fluffy
Bread,4.20
Dairy,10.54
Dairy,1.83
Dairy,Squirrels
Bread,12.77
Dairy,Squirrels
Bread,14.14
Bread,9.30
Bread,3.17
Dairy,5.85
Dairy,3.26
Bread,10.01
Bread,2.67
Bread,2.38
Dairy,Fluffy
Dairy,8.61
Dairy,3.19
Bread,8.66
Dairy,8.46
Bread,7.47
Bread,4.54
Dairy,2.77
Dairy,10.35
Bread,13.58
Bread,9.22
Dairy,14.84
Dairy,5.60
Bread,Squirrels
Bread,Squirrels
Bread,10.82
Bread,11.42
Dairy,8.50
Squirrels,12.42
Dairy,14.01
Dairy,10.51
Bread,5.19
Bread,12.87
Bread,4.04
Bread,12.08
Dairy,8.74
Dairy,7.37
Bread,6.40
Bread,6.13
Bread,9.61
Bread,12.69
Bread,Delci
Bread,8.92
Dairy,2.36
Dairy,6.41
Bread,5.94
Bread,1.22
Bread,Fluffy
Bread,6.77
Dairy,7.40
Dairy,5.35
Bread,9.54
Dairy,9.47
Dairy,Squirrels
Dairy,8.78
Dairy,4.92
Bread,4.86
Dairy,Delci
Bread,Fluffy
Dairy,2.95
Dairy,13.61
Dairy,9.70
Bread,4.28
Dairy,9.25
Dairy,13.05
Bread,3.86
Dairy,7.30
Dairy,8.90
Dairy,14.68
Bread,7.41
Bread,14.82
Bread,6.53
Dairy,3.89
Dairy,1.86
Dairy,13.68
Squirrels,3.10
Dairy,13.86
Bread,4.75
Dairy,9.71
Dairy,7.53
Dairy,3.75
Dairy,12.56
Bread,8.37
Bread,14.10
Dairy,14.19
Dairy,13.12
Bread,12.97
Dairy,3.15
Dairy,5.51
Bread,9.71
Bread,8.26
Dairy,14.88
Dairy,1.83
Bread,6.37
Dairy,13.12
Bread,3.87
Dairy,4.52
Dairy,Squirrels
Squirrels,7.98
Dairy,14.85
Dairy,2.36
Bread,4.47
Bread,3.62
Dairy,7.39
Dairy,8.12
Dairy,12.97
Dairy,10.12
Dairy,5.39
Bread,Fluffy
Dairy,4.48
Bread,9.76
Dairy,2.04
Bread,12.05
Dairy,8.08
Dairy,8.09
Dairy,8.69
Bread,11.61
Bread,3.84
Bread,4.20
Dairy,6.12
Bread,14.65
Dairy,11.38
Bread,13.52
Dairy,2.52
Delci,13.26
Dairy,3.74
Bread,3.80
Dairy,10.17
Bread,3.55
Bread,13.02
Bread,1.83
Dairy,14.86
Bread,1.04
Dairy,11.08
Dairy,12.94
Bread,9.84
Bread,4.65
Dairy,13.45
Dairy,10.00
Bread,5.22
Bread,6.11
Bread,14.72
Bread,13.48
Dairy,4.12
Bread,12.56
Bread,8.00
Bread,5.15
Bread,5.30
Bread,12.66
Delci,1.69
Dairy,9.23
Bread,7.51
Bread,2.88
Bread,1.25
Bread,5.31
Dairy,11.71
Bread,12.99
Bread,2.70
Dairy,5.64
Dairy,14.23
Bread,3.52
Dairy,3.94
Dairy,6.34
Bread,9.47
Dairy,4.94
Dairy,5.37
Bread,10.81
Bread,12.70
Dairy,11.01
Dairy,9.25
Bread,10.73
Dairy,Delci
Dairy,2.42
Bread,3.68
Bread,14.83
Dairy,Fluffy
Bread,11.34
Bread,Fluffy
Bread,6.38
Bread,8.01
Dairy,9.75
Dairy,4.09
Bread,8.88
Delci,3.83
Bread,13.24
Dairy,8.54
Dairy,Fluffy
Dairy,4.07
Dairy,4.21
Bread,5.31
Bread,3.71
Delci,10.82
Dairy,2.05
Bread,14.13
Bread,9.14
Bread,6.34
Dairy,1.22
Dairy,14.57
Bread,11.12
Delci,4.30
Dairy,9.44
Bread,2.16
Dairy,5.04
Dairy,9.98
Bread,1.58
Bread,Fluffy
Bread,6.38
Dairy,6.76
Bread,Delci
Dairy,13.26
Bread,11.67
Bread,4.31
Dairy,5.04
Bread,1.07
Bread,9.32
Dairy,6.90
Dairy,4.31
Dairy,7.95
Squirrels,13.30
Dairy,12.37
Bread,5.50
Bread,1.01
Dairy,10.91
Dairy,6.71
Dairy,7.37
Bread,4.99
Dairy,13.65
Bread,8.50
Dairy,6.24
Squirrels,2.10
Dairy,7.23
Bread,Squirrels
Bread,11.16
Bread,2.76
Bread,9.11
Bread,10.85
Dairy,8.55
Bread,Delci
Dairy,Squirrels
Bread,3.18
Bread,6.01
Bread,11.03
Bread,7.67
Bread,13.37
Dairy,1.27
Bread,14.26
Dairy,5.65
Dairy,10.06
Bread,8.97
Bread,10.19
Dairy,1.09
Dairy,13.45
Bread,10.37
Dairy,7.13
Bread,1.24
Dairy,4.77
Bread,9.48
Bread,3.19
Dairy,14.84
Bread,5.95
Dairy,10.89
Bread,2.00
Bread,11.04
Dairy,4.88
Dairy,8.92
Bread,9.84
Bread,7.99
Bread,4.87
Bread,3.10
Bread,10.60
Bread,7.59
Dairy,3.15
Bread,9.28
Dairy,8.31
Dairy,12.03
Bread,8.53
Bread,3.44
Bread,1.82
Squirrels,6.56
Dairy,12.02
Dairy,8.10
Dairy,Delci
Dairy,13.63
Dairy,11.18
Dairy,10.64
Dairy,6.08
Dairy,8.20
Dairy,2.93
Bread,Delci
Bread,6.91
Bread,11.38
Bread,8.89
Bread,14.94
Bread,10.48
Bread,10.40
Bread,10.09
Dairy,12.81
Squirrels,2.56
Dairy,4.86
Dairy,10.77
Dairy,6.86
Dairy,2.76
Dairy,6.02
Dairy,13.04
Dairy,10.21
Dairy,12.04
Dairy,1.34
Bread,14.18
Dairy,10.82
Bread,7.07
Bread,11.30
Dairy,13.00
Bread,3.97
Dairy,Squirrels
Dairy,11.67
Dairy,5.90
Dairy,4.37
Bread,10.59
Dairy,1.37
Dairy,7.59
Bread,10.39
Bread,Fluffy
Bread,10.72
Bread,10.96
Dairy,12.92
Dairy,14.38
Bread,14.18
Bread,5.15
Bread,11.00
Bread,Fluffy
Dairy,3.16
Dairy,12.99
Bread,3.17
Dairy,11.73
Bread,14.42
Bread,8.04
Bread,2.43
Fluffy,11.49
Dairy,12.35
Bread,4.61
Bread,14.34
Dairy,1.10
Dairy,Fluffy
Bread,5.09
Dairy,11.41
Dairy,12.98
Dairy,0.81
Bread,4.07
Dairy,3.35
Dairy,8.54
Dairy,4.07
Bread,4.39
Bread,2.92
Dairy,7.65
Dairy,14.88
Dairy,Squirrels
Dairy,9.45
Bread,0.81
Dairy,6.46
Dairy,0.91
Bread,6.89
Dairy,3.32
Dairy,9.21
Dairy,11.64
Dairy,11.42
Dairy,8.39
Bread,2.08
Bread,7.74
Bread,8.58
Dairy,14.07
Bread,Fluffy
Dairy,2.89
Delci,2.67
Dairy,12.52
Dairy,7.11
Dairy,12.30
Delci,4.08
Dairy,14.56
Dairy,2.73
Bread,Fluffy
Dairy,1.02
Bread,11.20
Dairy,9.33
Bread,14.56
Bread,2.76
Bread,4.47
Dairy,12.11
Bread,9.75
Bread,3.87
Dairy,8.37
Bread,13.13
Dairy,4.37
Dairy,7.68
Dairy,2.18
Dairy,2.02
Dairy,1.31
Dairy,14.44
Dairy,4.13
Squirrels,4.92
Bread,Delci
Dairy,11.99
Bread,12.44
Dairy,5.60
Dairy,2.52
Dairy,9.61
Bread,10.33
Dairy,3.03
Bread,11.65
Bread,11.70
Bread,9.72
Dairy,2.48
Dairy,12.13
Bread,12.80
Dairy,3.63
Bread,5.08
Dairy,2.65
Bread,Fluffy
Bread,1.92
Bread,7.38
Bread,Fluffy
Bread,Squirrels
Dairy,Squirrels
Bread,5.04
Bread,3.43
Dairy,13.63
Dairy,1.87
Dairy,8.20
Dairy,6.86
Bread,8.32
Dairy,10.14
Dairy,1.38
Bread,7.64
Dairy,6.26
Dairy,Delci
Bread,8.64
Dairy,Squirrels
Bread,12.06
Dairy,2.70
Bread,1.97
Bread,1.90
Dairy,12.70
Dairy,8.96
Dairy,13.32
Bread,Delci
Bread,5.87
Dairy,12.20
Dairy,6.39
Dairy,Delci
Dairy,4.40
Dairy,12.37
Bread,12.49
Dairy,6.25
Bread,12.43
Dairy,5.10
Dairy,14.14
Bread,1.85
Bread,10.35
Bread,3.32
Bread,12.94
Dairy,7.93
Dairy,1.41
Dairy,3.06
Bread,3.74
Dairy,2.58
Bread,7.42
Dairy,10.68
Dairy,4.22
Bread,0.98
Bread,13.60
Bread,7.56
Bread,12.06
Bread,13.69
Bread,11.76
Bread,4.10
Bread,14.22
Bread,9.65
Bread,8.41
Fluffy,3.66
Bread,0.86
Bread,8.65
Bread,Delci
Bread,11.03
Bread,1.96
Dairy,Fluffy
Delci,12.75
Bread,13.30
Bread,0.89
Bread,1.75
Dairy,9.60
Bread,Squirrels
Dairy,14.81
Bread,5.15
Fluffy,5.22
Dairy,7.60
Bread,11.68
Dairy,12.44
Delci,8.14
Dairy,10.74
Bread,5.93
Dairy,5.82
Bread,Fluffy
Dairy,3.19
Dairy,1.61
Dairy,9.30
Dairy,8.99
Bread,6.93
Bread,5.23
Dairy,9.65
Dairy,1.38
Dairy,10.06
Dairy,Delci
Dairy,13.04
Bread,8.20
Dairy,Delci
Dairy,3.53
Bread,11.37
Dairy,8.78
Dairy,10.36
Dairy,1.75
Bread,9.75
Dairy,1.51
Dairy,1.36
Bread,13.76
Dairy,14.79
Dairy,7.60
Dairy,2.17
Bread,7.85
Bread,4.26
Bread,13.11
Bread,11.85
Bread,13.12
Bread,3.02
Bread,6.50
Dairy,12.05
Bread,7.98
Dairy,4.03
Delci,1.82
Dairy,14.72
Dairy,5.17
Dairy,9.19
Bread,14.41
Bread,9.63
Dairy,4.22
Dairy,Fluffy
Dairy,Fluffy
Dairy,5.29
Delci,12.99
Dairy,10.93
Bread,12.02
Bread,13.69
Dairy,2.33
Bread,3.60
Dairy,13.71
Dairy,10.93
Bread,13.04
Dairy,5.23
Dairy,5.60
Bread,4.73
Bread,3.03
Bread,13.86
Dairy,6.07
Dairy,14.33
Dairy,1.78
Bread,10.70
Dairy,5.36
Dairy,14.04
Dairy,7.32
Bread,9.10
Dairy,Squirrels
Bread,11.79
Dairy,4.11
Bread,2.22
Bread,10.90
Dairy,Fluffy
Dairy,7.41
Bread,14.54
Dairy,5.92
Bread,Fluffy
Bread,12.15
Bread,Squirrels
Dairy,7.24
Dairy,6.60
Bread,0.81
Bread,3.65
Bread,9.44
Dairy,6.59
Bread,2.17
Bread,6.41
Bread,1.68
Bread,10.81
Dairy,7.56
Bread,12.07
Dairy,14.04
Dairy,14.15
Bread,Delci
Bread,6.07
Bread,7.61
Bread,6.10
Dairy,3.64
Bread,8.70
Bread,9.07
Bread,14.26
Dairy,14.72
Bread,3.89
Fluffy,8.60
Dairy,1.94
Bread,8.72
Dairy,14.31
Bread,10.76
Dairy,14.66
Dairy,13.92
Bread,9.38
Bread,1.38
Bread,9.03
Bread,6.14
Bread,5.38
Bread,5.22
Bread,6.21
Dairy,10.23
Bread,9.23
Dairy,1.49
Dairy,11.99
Dairy,7.28
Dairy,14.64
Dairy,8.02
Bread,7.47
Dairy,14.28
Dairy,1.78
Bread,11.15
Dairy,3.16
Dairy,14.74
Bread,6.31
Dairy,2.33
Dairy,2.28
Dairy,10.53
Bread,14.89
Bread,13.06
Bread,11.64
Dairy,Fluffy
Bread,8.70
Bread,11.24
Bread,8.61
Dairy,5.48
Dairy,9.46
Dairy,9.33
Bread,12.68
Dairy,5.25
Bread,13.08
Bread,10.71
Dairy,3.24
Bread,3.40
Dairy,13.06
Squirrels,13.73
Delci,11.23
Dairy,8.72
Bread,12.80
Dairy,3.20
Bread,8.68
Dairy,5.78
Delci,13.03
Bread,7.13
Bread,8.05
Squirrels,14.75
Dairy,1.82
Bread,9.23
Dairy,5.01
Dairy,3.38
Dairy,3.46
Bread,1.71
Bread,8.20
Dairy,Delci
Dairy,5.34
Dairy,4.68
Dairy,0.84
Bread,Delci
Bread,6.99
Dairy,9.57
Dairy,1.01
Dairy,7.52
Dairy,7.39
Bread,6.21
Bread,Squirrels
Bread,11.87
Bread,Delci
Dairy,1.72
Bread,4.33
Dairy,4.83
Dairy,Squirrels
Squirrels,12.91
Dairy,Squirrels
Bread,4.71
Fluffy,1.08
Dairy,5.52
Dairy,0.98
Dairy,0.95
Dairy,3.46
Dairy,5.99
Bread,2.68
Dairy,6.68
Bread,4.90
Bread,13.43
Dairy,4.30
Dairy,12.02
Dairy,6.94
Bread,10.41
Bread,13.65
Bread,14.19
Bread,12.39
Bread,10.00
Bread,11.79
Bread,12.39
Dairy,2.60
Dairy,7.40
Bread,Squirrels
Bread,11.85
Dairy,7.83
Dairy,6.11
Dairy,10.60
Dairy,14.71
Fluffy,7.72
Bread,3.16
Bread,Delci
Bread,10.37
Dairy,13.70
Bread,2.07
Dairy,13.28
Bread,9.67
Bread,10.00
Bread,8.80
Dairy,6.90
Bread,8.46
Dairy,3.32
Dairy,4.65
Squirrels,1.57
Dairy,4.98
Dairy,14.13
Bread,9.91
Dairy,5.73
Dairy,Fluffy
Dairy,5.53
Bread,14.60
Dairy,4.52
Dairy,11.15
Dairy,4.71
Bread,8.75
Dairy,1.47
Dairy,6.11
Dairy,2.71
Bread,3.05
Bread,9.48
Bread,10.93
Dairy,13.36
Fluffy,13.29
Bread,Fluffy
Bread,12.12
Dairy,9.87
Dairy,Delci
Dairy,1.31
Bread,0.97
Fluffy,5.65
Dairy,5.48
Bread,6.18
Dairy,7.76
Dairy,4.52
Bread,11.35
Dairy,12.68
Dairy,12.84
Dairy,Fluffy
Dairy,11.46
Dairy,13.82
Dairy,1.52
Dairy,Delci
Bread,10.84
Dairy,1.99
Dairy,6.43
Bread,3.42
Bread,5.48
Dairy,6.56
Bread,13.49
Bread,9.44
Bread,5.40
Bread,12.75
Bread,1.61
Bread,Fluffy
Bread,1.36
Dairy,1.19
Bread,10.61
Squirrels,9.28
Dairy,4.05
Dairy,8.75
Delci,12.97
Bread,6.40
Bread,5.33
Bread,6.71
Bread,9.62
Dairy,10.47
Dairy,5.92
Dairy,13.25
Dairy,13.10
Dairy,6.82
Bread,11.91
Bread,2.60
Bread,12.17
Dairy,10.18
Dairy,3.23
Bread,3.72
Dairy,10.84
Bread,2.07
Bread,0.83
Bread,7.00
Dairy,7.77
Dairy,7.82
Bread,0.94
Dairy,12.17
Bread,6.44
Dairy,7.83
Dairy,5.10
Bread,Squirrels
Dairy,4.20
Bread,12.65
Bread,14.69
Bread,8.38
Dairy,13.68
Bread,12.08
Dairy,6.53
Dairy,14.41
Dairy,9.33
Dairy,13.16
Delci,12.16
Bread,2.30
Bread,7.37
Dairy,7.29
Bread,14.57
Dairy,9.32
Dairy,13.29
Bread,4.60
Dairy,2.77
Dairy,7.11
Dairy,2.51
Dairy,2.71
Bread,Fluffy
Bread,6.53
Dairy,1.56
Dairy,9.41
Dairy,3.81
Bread,12.94
Bread,3.58
Delci,12.76
Bread,Fluffy
Bread,7.05
Bread,Fluffy
Bread,5.63
Dairy,3.59
Bread,3.88
Bread,9.58
Dairy,2.54
Dairy,5.58
Bread,11.85
Dairy,Squirrels
Dairy,3.03
Dairy,8.91
Bread,2.95
Dairy,9.97
Dairy,11.52
Bread,7.74
Dairy,8.36
Bread,10.24
Bread,2.81
Delci,8.24
Dairy,10.48
Bread,6.33
Dairy,1.80
Dairy,3.38
Dairy,4.14
Bread,Squirrels
Bread,9.22
Dairy,Squirrels
Bread,5.86
Dairy,5.21
Bread,13.31
Fluffy,14.62
Bread,14.30
Dairy,8.08
Dairy,Squirrels
Bread,5.94
Dairy,9.87
Dairy,9.89
Bread,13.06
Dairy,9.30
Bread,9.85
Dairy,14.58
Dairy,9.76
Dairy,10.48
Dairy,Squirrels
Bread,12.51
Dairy,14.90
Bread,4.57
Dairy,2.29
Dairy,5.08
Bread,3.18
Bread,5.44
Bread,5.01
Dairy,11.12
Dairy,10.27
Dairy,3.53
Bread,13.02
Dairy,5.54
Dairy,Squirrels
Dairy,5.75
Bread,6.91
Dairy,10.76
Dairy,3.24
Dairy,13.44
Fluffy,8.32
Dairy,3.55
Dairy,7.80
Bread,6.68
Bread,5.84
Dairy,4.54
Dairy,6.63
Bread,5.12
Dairy,3.61
Bread,9.25
Bread,2.26
Delci,4.85
Dairy,14.61
Bread,1.26
Bread,11.18
Bread,13.54
Bread,12.11
Dairy,0.80
Bread,13.05
Dairy,7.02
Dairy,Fluffy
Bread,2.25
Dairy,7.46
Bread,6.63
Dairy,6.71
Bread,5.71
Dairy,5.34
Dairy,12.17
Bread,13.02
Dairy,7.54
Bread,4.10
Delci,7.26
Bread,6.19
Bread,2.34
Dairy,9.06
Bread,Delci
Bread,9.77
Dairy,8.31
Bread,11.98
Delci,14.22
Delci,14.06
Dairy,0.84
Dairy,8.05
Squirrels,8.38
Bread,8.57
Bread,11.03
Dairy,12.90
Bread,2.95
Dairy,14.48
Bread,13.85
Dairy,10.51
Dairy,14.89
Bread,Fluffy
Dairy,11.51
Bread,8.50
Fluffy,12.43
Bread,3.05
Bread,13.69
Bread,12.13
Delci,12.23
Bread,5.94
Bread,4.90
Dairy,10.25
Dairy,10.88
Dairy,Squirrels
Dairy,3.19
Dairy,4.30
Dairy,12.84
Dairy,5.11
Dairy,14.19
Dairy,12.00
Bread,11.22
Squirrels,4.24
Dairy,8.83
Dairy,14.56
Squirrels,4.52
Dairy,10.48
Delci,13.37
Dairy,1.14
Bread,4.29
Fluffy,11.46
Bread,9.83
Dairy,6.05
Bread,7.58
Bread,Delci
Squirrels,9.02
Dairy,9.87
Dairy,11.48
Bread,8.16
Bread,9.53
Dairy,3.40
Dairy,5.20
Bread,4.31
Dairy,7.70
Bread,12.21
Bread,2.47
Bread,5.05
Bread,7.68
Dairy,11.74
Bread,2.38
Dairy,4.13
Bread,9.07
Bread,11.02
Bread,5.76
Bread,7.71
Fluffy,14.82
Dairy,Fluffy
Bread,Delci
Dairy,12.80
Dairy,2.94
Bread,1.05
Dairy,8.79
Dairy,7.21
Bread,14.79
Dairy,14.07
Dairy,1.79
Bread,14.26
Dairy,9.99
Bread,14.01
Bread,3.66
Bread,12.45
Dairy,2.58
Dairy,3.99
Bread,12.13
Dairy,6.63
Dairy,7.80
Dairy,7.96
Dairy,5.82
Dairy,6.55
Bread,8.95
Bread,10.94
Dairy,5.79
Bread,12.78
Dairy,8.66
Dairy,7.40
Bread,5.48
Bread,Squirrels
Dairy,Squirrels
Bread,10.63
Bread,2.33
Dairy,14.80
Bread,8.16
Dairy,5.13
Dairy,6.94
Bread,2.86
Bread,13.82
Dairy,3.09
Dairy,7.06
Dairy,1.11
Dairy,12.73
Bread,7.78
Bread,11.02
Dairy,10.28
Bread,14.47
Dairy,Squirrels
Fluffy,3.53
Squirrels,3.29
Dairy,3.83
Dairy,3.88
Dairy,5.69
Bread,12.88
Dairy,9.56
Bread,10.15
Dairy,6.31
Dairy,10.67
Bread,14.51
Bread,6.86
Dairy,14.07
Bread,8.69
Dairy,2.77
Bread,13.65
Dairy,13.61
Bread,11.75
Bread,5.56
Bread,6.79
Dairy,5.93
Bread,5.49
Fluffy,10.25
Dairy,6.25
Dairy,Squirrels
Bread,11.84
Dairy,7.81
Bread,3.08
Bread,5.77
Dairy,2.62
Bread,1.99
Squirrels,14.41
Bread,4.31
Bread,Squirrels
Bread,11.47
Dairy,1.49
Dairy,8.23
Bread,2.95
Dairy,3.70
Bread,1.84
Dairy,10.33
Dairy,Fluffy
Bread,6.70
Bread,7.81
Bread,4.80
Bread,11.75
Dairy,6.66
Dairy,5.90
Bread,5.29
Bread,3.27
Bread,13.83
Dairy,4.17
Dairy,12.55
Bread,4.00
Dairy,13.80
Bread,8.62
Dairy,5.63
Dairy,10.91
Dairy,11.20
Dairy,10.14
Bread,7.98
Dairy,11.60
Bread,12.27
Bread,Fluffy
Dairy,Fluffy
Dairy,11.24
Bread,1.32
Dairy,8.96
Dairy,6.95
Dairy,2.01
Bread,2.74
Bread,14.19
Dairy,9.64
Dairy,12.08
Squirrels,14.38
Dairy,14.88
Bread,10.19
Bread,Squirrels
Bread,11.94
Bread,8.90
Dairy,Squirrels
Bread,3.12
Dairy,12.63
Dairy,10.11
Dairy,2.08
Bread,12.79
Bread,7.10
Dairy,13.38
Dairy,6.87
Dairy,11.87
Dairy,12.84
Bread,9.52
Dairy,10.64
Bread,3.27
Bread,4.52
Dairy,7.82
Bread,1.94
Dairy,0.94
Bread,11.27
Dairy,1.67
Bread,2.53
Dairy,13.21
Dairy,2.94
Bread,1.26
Bread,12.30
Delci,10.05
Bread,Fluffy
Dairy,2.22
Bread,13.62
Dairy,1.51
Bread,8.19
Dairy,5.60
Bread,0.93
Bread,12.31
Dairy,8.78
Dairy,8.89
Bread,1.25
Dairy,8.31
Bread,8.14
Dairy,5.93
Bread,8.62
Delci,1.04
Dairy,9.94
Bread,12.93
Dairy,14.56
Bread,6.55
Bread,9.48
Dairy,10.20
Bread,6.15
Bread,3.29
Bread,11.02
Dairy,1.66
Dairy,12.59
Bread,14.48
Dairy,2.22
Dairy,5.66
Dairy,Delci
Bread,3.63
Bread,5.82
Dairy,5.29
Dairy,Squirrels
Squirrels,4.84
Dairy,4.50
Dairy,2.08
Bread,7.00
Dairy,5.34
Fluffy,14.36
Bread,6.12
Bread,5.75
Bread,8.25
Bread,1.38
Dairy,7.41
Bread,11.61
Bread,7.99
Dairy,4.62
Squirrels,9.51
Bread,3.45
Dairy,13.11
Bread,5.35
Dairy,2.18
Squirrels,0.97
Dairy,13.49
Dairy,10.12
Bread,5.09
Bread,1.88
Dairy,9.03
Bread,Squirrels
Dairy,5.67
Bread,8.50
Dairy,14.56
Fluffy,1.26
Fluffy,2.57
Bread,2.02
Dairy,4.86
Bread,8.33
Squirrels,14.29
Dairy,2.93
Bread,1.76
Bread,8.26
Bread,2.85
Dairy,7.56
Bread,10.55
Dairy,2.38
Bread,13.54
Dairy,5.78
Bread,1.54
Bread,3.12
Dairy,3.31
Bread,2.86
Dairy,7.76
Dairy,13.01
Dairy,7.95
Bread,10.51
Dairy,5.77
Bread,4.88
Dairy,Delci
Dairy,1.71
Bread,7.57
Dairy,7.07
Bread,Squirrels
Dairy,14.25
Bread,4.21
Bread,14.41
Dairy,14.72
Bread,4.20
Bread,8.71
Dairy,9.64
Dairy,14.00
Bread,11.32
Bread,4.39
Dairy,5.93
Bread,5.39
Bread,13.37
Bread,11.85
Bread,9.49
Bread,7.30
Dairy,2.55
Bread,8.40
Bread,10.07
Dairy,14.78
Bread,9.58
Dairy,14.27
Bread,11.72
Bread,11.21
Dairy,14.64
Bread,9.88
Bread,Delci
Dairy,8.96
Bread,1.62
Dairy,9.85
Dairy,Delci
Bread,Fluffy
Bread,11.15
Bread,Fluffy
Dairy,14.37
Dairy,8.07
Bread,1.61
Dairy,3.15
Bread,6.30
Dairy,7.59
Delci,7.11
Dairy,5.31
Bread,3.09
Bread,8.38
Dairy,9.69
Dairy,5.27
Dairy,Squirrels
Dairy,14.46
Bread,14.36
Dairy,12.95
Dairy,11.94
Bread,10.64
Bread,6.10
Bread,0.82
Bread,7.19
Dairy,1.87
Bread,4.61
Bread,13.58
Bread,8.30
Dairy,10.70
Bread,5.27
Dairy,13.52
Dairy,14.33
Dairy,12.35
Bread,Squirrels
Bread,9.49
Dairy,11.05
Bread,7.43
Dairy,5.35
Dairy,9.41
Bread,12.48
Dairy,11.75
Bread,13.21
Dairy,Fluffy
Dairy,Squirrels
Dairy,13.44
Dairy,5.87
Dairy,9.03
Dairy,3.66
Dairy,6.37
Bread,3.48
Bread,1.25
Bread,6.69
Dairy,9.72
Fluffy,4.54
Dairy,13.66
Bread,3.13
Dairy,14.55
Fluffy,10.05
Dairy,7.12
Bread,13.85
Dairy,14.26
Dairy,Delci
Bread,2.65
Bread,13.96
Dairy,6.92
Bread,4.45
Dairy,2.31
Dairy,9.33
Bread,5.20
Dairy,Fluffy
Bread,8.29
Dairy,10.75
Bread,6.80
Dairy,11.13
Dairy,3.16
Bread,10.17
Bread,10.45
Bread,14.97
Dairy,11.57
Bread,12.26
Bread,10.67
Dairy,9.96
Bread,7.91
Bread,2.77
Dairy,1.03
Dairy,3.28
Dairy,9.80
Bread,4.31
Bread,Squirrels
Dairy,5.29
Bread,11.69
Bread,10.51
Fluffy,6.57
Dairy,11.50
Dairy,6.10
Bread,12.52
Bread,8.35
Bread,1.62
Dairy,5.99
Bread,14.01
Bread,2.50
Dairy,11.09
Dairy,7.17
Bread,12.59
Squirrels,8.04
Bread,4.74
Dairy,8.91
Dairy,8.78
Bread,5.96
Bread,10.31
Dairy,4.37
Dairy,9.83
Bread,13.33
Dairy,6.45
Bread,13.98
Dairy,2.68
Bread,5.29
Bread,2.76
Dairy,4.73
Dairy,2.05
Bread,9.20
Bread,8.39
Dairy,4.27
Squirrels,5.45
Dairy,4.06
Bread,12.37
Dairy,3.66
Dairy,5.45
Bread,10.41
Bread,1.24
Bread,1.26
Dairy,Delci
Dairy,4.84
Dairy,12.23
Bread,2.97
Delci,7.90
Dairy,10.34
Bread,10.81
Dairy,8.71
Dairy,3.34
Dairy,5.71
Dairy,4.82
Bread,8.73
Bread,7.62
Dairy,2.26
Dairy,12.14
Bread,14.72
Dairy,9.21
Bread,Squirrels
Dairy,14.46
Bread,0.85
Delci,12.78
Bread,13.65
Dairy,Fluffy
Dairy,9.07
Dairy,6.81
Bread,5.29
Bread,12.15
Bread,1.57
Dairy,7.81
Dairy,4.53
Bread,Delci
Dairy,10.03
Bread,12.56
Bread,10.83
Bread,10.48
Dairy,1.90
Dairy,7.60
Dairy,9.80
Bread,7.40
Dairy,14.62
Bread,Fluffy
Dairy,6.61
Dairy,11.06
Bread,4.68
Bread,12.86
Bread,2.01
Dairy,7.44
Delci,14.40
Dairy,11.91
Dairy,3.51
Dairy,14.89
Dairy,11.53
Dairy,11.14
Bread,9.68
Bread,6.14
Bread,6.39
Bread,6.25
Dairy,7.14
Squirrels,2.05
Dairy,3.88
Dairy,13.09
Dairy,5.66
Bread,1.07
Bread,11.95
Bread,10.42
Dairy,9.87
Dairy,12.13
Fluffy,14.81
Dairy,9.88
Dairy,6.83
Dairy,8.43
Dairy,1.65
Dairy,1.96
Squirrels,8.92
Bread,3.55
Bread,4.38
Bread,12.94
Dairy,3.61
Bread,2.21
Bread,Squirrels
Bread,11.22
Bread,Fluffy
Bread,3.13
Dairy,1.31
Dairy,4.94
Dairy,13.73
Bread,2.46
Bread,2.79
Dairy,4.44
Bread,4.69
Dairy,13.48
Bread,5.92
Dairy,12.67
Dairy,13.40
Dairy,10.75
Bread,7.74
Bread,9.99
Dairy,7.54
Dairy,9.30
Dairy,13.30
Bread,4.96
Bread,11.52
Dairy,6.34
Dairy,5.08
Dairy,12.10
Dairy,10.53
Bread,11.74
Bread,9.21
Dairy,10.67
Bread,9.67
Bread,6.65
Bread,5.23
Dairy,6.83
Dairy,11.49
Dairy,6.55
Dairy,13.94
Dairy,3.77
Dairy,Squirrels
Bread,4.49
Bread,14.10
Dairy,7.98
Bread,2.71
Bread,Squirrels
Bread,14.04
Dairy,2.35
Bread,2.77
Dairy,5.27
Dairy,Squirrels
Dairy,1.89
Bread,2.80
Dairy,9.91
Dairy,8.65
Bread,14.71
Bread,Delci
Bread,5.65
Dairy,7.24
Dairy,0.99
Dairy,8.83
Bread,13.80
Bread,4.08
Dairy,13.16
Bread,6.19
Dairy,5.32
Dairy,9.55
Bread,6.87
Dairy,1.06
Bread,Delci
Bread,8.72
Bread,1.39
Squirrels,12.73
Fluffy,8.25
Dairy,5.60
Dairy,Fluffy
Dairy,4.09
Bread,Delci
Dairy,2.22
Bread,4.31
Dairy,10.52
Dairy,Delci
Bread,4.36
Bread,14.25
Dairy,8.32
Bread,4.30
Dairy,14.40
Fluffy,8.87
Delci,14.68
Bread,11.65
Dairy,13.55
Bread,2.28
Dairy,6.45
Dairy,14.34
Bread,Fluffy
Dairy,10.95
Dairy,10.17
Bread,12.36
Dairy,8.04
Bread,Delci
Bread,Squirrels
Dairy,11.88
Dairy,10.52
Dairy,10.97
Dairy,2.06
Delci,13.38
Bread,11.55
Bread,10.43
Bread,9.90
Dairy,13.77
Dairy,1.18
Dairy,1.43
Bread,7.90
Bread,6.26
Dairy,1.85
Dairy,6.28
Bread,Delci
Bread,7.38
Dairy,Squirrels
Bread,5.21
Bread,0.82
Bread,3.86
Dairy,2.10
Dairy,10.85
Bread,2.94
Bread,13.33
Dairy,10.18
Dairy,3.65
Bread,6.22
Dairy,14.12
Bread,4.17
Bread,11.66
Bread,1.08
Bread,Delci
Dairy,5.37
Dairy,Squirrels
Bread,13.69
Bread,13.89
Dairy,11.97
Bread,4.43
Dairy,3.80
Dairy,1.73
Dairy,11.64
Bread,2.15
Dairy,Squirrels
Dairy,11.98
Dairy,1.19
Dairy,1.59
Bread,6.26
Dairy,14.51
Dairy,8.05
Dairy,Fluffy
Bread,7.04
Bread,8.73
Bread,5.88
Dairy,8.03
Dairy,4.28
Bread,9.60
Bread,8.68
Bread,8.47
Dairy,3.88
Bread,11.36
Dairy,14.79
Bread,11.36
Bread,2.02
Dairy,10.74
Dairy,9.10
Bread,3.98
Dairy,7.61
Dairy,12.57
Dairy,1.96
Bread,11.05
Bread,5.28
Bread,4.40
Dairy,2.70
Dairy,4.93
Bread,2.61
Dairy,5.39
Bread,Squirrels
Dairy,3.53
Dairy,12.80
Dairy,14.26
Dairy,8.58
Dairy,8.46
Bread,6.97
Bread,13.46
Dairy,4.76
Bread,7.62
Dairy,7.14
Bread,8.75
Bread,Delci
Dairy,10.04
Bread,8.49
Bread,7.57
Dairy,11.44
Squirrels,7.49
Dairy,5.51
Dairy,5.41
Dairy,2.68
Bread,8.15
Dairy,3.95
Dairy,9.70
Dairy,6.70
Dairy,1.73
Dairy,5.43
Dairy,7.88
Bread,3.55
Dairy,Delci
Dairy,7.61
Dairy,11.41
Dairy,9.51
Dairy,12.57
Squirrels,11.43
Bread,12.01
Dairy,11.14
Bread,Fluffy
Bread,13.56
Bread,5.64
Dairy,Fluffy
Squirrels,10.67
Dairy,7.41
Dairy,4.30
Dairy,Fluffy
Dairy,8.90
Bread,Squirrels
Bread,13.98
Dairy,7.17
Dairy,10.42
Bread,2.11
Bread,12.80
Bread,12.50
Bread,1.85
Dairy,12.97
Dairy,11.33
Bread,3.17
Dairy,5.40
Dairy,10.24
Delci,0.81
Bread,3.12
Bread,13.23
Dairy,3.21
Bread,6.71
Delci,11.65
Dairy,1.39
Dairy,14.04
Bread,12.34
Bread,4.72
Dairy,12.44
Bread,2.98
Bread,5.89
Dairy,2.30
Dairy,9.87
Bread,8.68
Dairy,2.93
Squirrels,6.00
Dairy,2.70
Bread,11.36
Bread,7.70
Dairy,13.86
Dairy,6.25
Dairy,10.43
Dairy,1.91
Bread,5.17
Dairy,13.68
Dairy,13.93
Bread,3.53
Squirrels,7.93
Bread,2.51
Bread,Fluffy
Bread,11.23
Dairy,10.84
Dairy,7.26
Bread,6.05
Dairy,11.67
Bread,Squirrels
Dairy,14.79
Dairy,6.06
Dairy,2.54
Delci,12.36
Dairy,8.63
Dairy,Delci
Dairy,7.41
Bread,11.75
Dairy,1.74
Bread,13.03
Bread,13.12
Dairy,4.77
Bread,8.01
Bread,11.87
Bread,13.73
Dairy,Fluffy
Bread,3.33
Dairy,1.38
Dairy,3.72
Bread,9.71
Dairy,6.25
Dairy,11.86
Dairy,Delci
Bread,12.95
Dairy,6.06
Dairy,5.24
Bread,10.86
Bread,10.19
Dairy,11.17
Dairy,8.12
Dairy,11.26
Dairy,2.98
Bread,10.95
Bread,8.14
Dairy,0.86
Bread,10.12
Bread,9.03
Bread,6.66
Dairy,14.37
Bread,4.51
Dairy,Squirrels
Bread,8.59
Fluffy,3.58
Dairy,5.65
Bread,4.77
Bread,4.86
Dairy,8.78
Bread,4.92
Dairy,10.21
Bread,6.43
Bread,14.79
Dairy,4.63
Bread,6.86
Dairy,13.34
Bread,9.60
Dairy,8.60
Bread,4.11
Bread,Fluffy
Dairy,12.52
Bread,7.98
Bread,1.10
Dairy,14.05
Dairy,9.95
Dairy,6.37
Bread,9.72
Dairy,4.53
Bread,14.64
Dairy,7.78
Bread,2.15
Dairy,13.89
Dairy,1.97
Dairy,12.80
Dairy,11.24
Delci,11.53
Dairy,7.01
Bread,5.98
Bread,4.32
Dairy,3.42
Bread,14.92
Bread,9.33
Bread,3.88
Bread,1.34
Bread,3.16
Dairy,7.67
Dairy,7.74
Dairy,Fluffy
Dairy,6.67
Dairy,9.64
Bread,5.83
Dairy,9.61
Dairy,6.09
Bread,10.15
Bread,Squirrels
Dairy,4.80
Bread,10.58
Bread,5.35
Bread,9.90
Dairy,8.96
Dairy,1.84
Bread,8.03
Dairy,1.54
Bread,7.52
Bread,12.30
Dairy,9.15
Bread,8.60
Dairy,11.40
Dairy,10.53
Bread,Squirrels
Bread,3.90
Dairy,14.58
Bread,1.73
Dairy,13.05
Dairy,5.58
Bread,3.19
Bread,4.04
Dairy,5.99
Bread,8.43
Bread,14.93
Bread,12.70
Fluffy,11.00
Dairy,9.43
Dairy,6.53
Bread,9.67
Bread,12.83
Dairy,8.08
Dairy,6.55
Dairy,9.54
Dairy,9.25
Dairy,4.92
Bread,Delci
Bread,9.85
Bread,Fluffy
Dairy,13.13
Dairy,3.20
Bread,6.44
Dairy,9.78
Bread,8.53
Bread,9.28
Delci,9.40
Dairy,2.19
Bread,2.41
Bread,Fluffy
Bread,11.94
Dairy,5.03
Squirrels,5.35
Dairy,13.28
Dairy,14.22
Dairy,10.50
Bread,9.76
Dairy,Fluffy
Dairy,10.77
Dairy,Squirrels
Dairy,9.42
Bread,1.72
Dairy,13.47
Dairy,3.47
Bread,14.45
Bread,3.90
Dairy,10.86
Bread,2.29
Bread,1.62
Dairy,12.97
Dairy,12.55
Bread,14.82
Bread,1.49
Dairy,10.30
Bread,Squirrels
Dairy,5.45
Bread,10.59
Bread,4.88
Dairy,8.64
Dairy,10.27
Dairy,11.62
Delci,7.26
Dairy,12.10
Bread,3.77
Dairy,5.91
Dairy,3.02
Dairy,5.83
Dairy,10.01
Bread,6.85
Dairy,4.14
Dairy,Squirrels
Bread,1.43
Delci,12.12
Bread,2.98
Dairy,1.86
Dairy,14.86
Bread,3.13
Delci,8.87
Dairy,2.18
Dairy,2.83
Dairy,6.97
Dairy,14.80
Bread,3.64
Dairy,7.99
Dairy,5.79
Bread,8.73
Dairy,9.94
Bread,6.96
Bread,13.67
Dairy,9.41
Bread,5.84
Dairy,13.52
Bread,3.71
Dairy,8.02
Dairy,8.76
Bread,0.88
Bread,12.97
Dairy,10.73
Dairy,9.97
Bread,10.23
Bread,14.45
Dairy,6.24
Dairy,8.06
Bread,11.23
Bread,4.89
Bread,3.25
Bread,13.56
Dairy,9.65
Bread,1.77
Bread,1.25
Delci,10.73
Bread,14.62
Dairy,13.60
Bread,3.31
Dairy,10.51
Dairy,7.24
Dairy,5.49
Dairy,12.05
Bread,7.04
Dairy,14.44
Dairy,11.14
Dairy,3.14
Dairy,3.80
Dairy,8.93
Delci,6.50
Dairy,12.85
Bread,2.37
Bread,Fluffy
Bread,4.14
Fluffy,12.83
Bread,Delci
Bread,2.88
Bread,2.57
Dairy,3.39
Bread,12.02
Dairy,11.47
Bread,10.40
Dairy,11.80
Bread,1.62
Bread,9.15
Bread,13.70
Bread,Squirrels
Dairy,11.06
Dairy,0.87
Bread,12.01
Dairy,6.83
Bread,9.68
Bread,13.64
Bread,Squirrels
Bread,5.70
Bread,13.49
Bread,9.85
Bread,12.92
Bread,9.63
Dairy,5.95
Dairy,Delci
Bread,7.37
Bread,11.50
Bread,7.39
Dairy,Fluffy
Bread,14.95
Dairy,12.23
Bread,6.52
Dairy,9.06
Bread,7.57
Bread,12.34
Bread,5.32
Dairy,9.73
Bread,14.56
Bread,11.03
Bread,2.64
Bread,5.19
Bread,1.22
Bread,9.46
Bread,12.65
Dairy,1.94
Dairy,11.14
Dairy,2.64
Bread,2.48
Bread,9.68
Dairy,10.61
Dairy,12.75
Bread,8.96
Bread,1.88
Bread,9.00
Dairy,2.32
Dairy,2.60
Bread,4.69
Dairy,8.56
Bread,6.20
Bread,12.50
Dairy,14.90
Bread,12.34
Bread,10.57
Dairy,3.45
Dairy,Delci
Dairy,8.75
Dairy,10.25
Dairy,3.60
Bread,10.40
Bread,10.90
Dairy,4.50
Bread,8.23
Dairy,12.31
Dairy,9.81
Bread,4.26
Bread,5.84
Bread,1.90
Dairy,3.76
Dairy,2.08
Dairy,13.99
Bread,Delci
Dairy,10.16
Bread,7.29
Bread,9.76
Bread,2.42
Dairy,14.34
Bread,6.34
Bread,13.81
Bread,9.14
Bread,1.74
Dairy,5.68
Bread,3.39
Dairy,2.41
Bread,9.56
Dairy,9.15
Bread,7.93
Dairy,8.83
Bread,3.98
Bread,Fluffy
Dairy,13.20
Bread,5.76
Dairy,7.04
Dairy,3.70
Bread,14.94
Bread,12.26
Dairy,14.61
Bread,11.58
Dairy,8.11
Dairy,6.19
Bread,9.46
Bread,11.90
Dairy,5.66
Delci,14.36
Bread,1.35
Dairy,4.70
Dairy,13.95
Dairy,4.69
Bread,3.70
Dairy,8.87
Bread,4.43
Dairy,Delci
Dairy,8.25
Dairy,12.12
Bread,4.19
Bread,13.34
Bread,Fluffy
Dairy,4.92
Bread,7.44
Dairy,13.33
Bread,6.37
Dairy,Fluffy
Bread,Fluffy
Bread,4.46
Bread,7.98
Dairy,1.92
Bread,2.36
Bread,6.51
Dairy,8.27
Dairy,Squirrels
Dairy,13.07
Dairy,Delci
Bread,Fluffy
Bread,2.07
Fluffy,14.52
Dairy,Delci
Dairy,4.74
Bread,10.75
Dairy,3.29
Squirrels,13.28
Bread,4.39
Dairy,Delci
Dairy,13.33
Dairy,2.11
Bread,10.48
Dairy,2.90
Dairy,13.87
Bread,Delci
Dairy,11.80
Dairy,2.35
Dairy,7.00
Bread,14.82
Bread,Fluffy
Dairy,7.25
Dairy,14.23
Dairy,13.43
Dairy,1.87
Dairy,6.44
Bread,14.03
Bread,3.12
Bread,8.90
Bread,12.47
Dairy,12.44
Bread,3.81
Dairy,12.22
Dairy,11.29
Dairy,5.86
Dairy,12.84
Dairy,7.54
Dairy,Fluffy
Dairy,5.28
Dairy,7.85
Bread,7.58
Dairy,1.68
Bread,6.46
Bread,10.71
Bread,11.53
Bread,5.44
Dairy,2.68
Dairy,1.41
Bread,13.27
Dairy,9.90
Bread,0.89
Bread,5.48
Delci,8.16
Bread,12.87
Bread,11.88
Dairy,6.47
Dairy,10.17
Dairy,9.24
Bread,5.33
Bread,4.43
Bread,0.89
Bread,9.66
Bread,3.83
Squirrels,3.39
Bread,9.72
Bread,6.95
Dairy,3.62
Dairy,Delci
Dairy,8.22
Dairy,4.53
Dairy,1.70
Dairy,4.89
Dairy,13.41
Dairy,12.55
Bread,5.51
Bread,4.21
Dairy,12.05
Dairy,13.84
Dairy,11.73
Dairy,10.67
Dairy,Fluffy
Bread,9.52
Dairy,1.32
Dairy,9.33
Bread,4.08
Bread,Squirrels
Bread,13.19
Bread,2.09
Bread,10.45
Bread,4.56
Bread,11.83
Dairy,6.01
Dairy,6.44
Bread,9.90
Dairy,7.79
Bread,0.93
Bread,7.34
Dairy,13.89
Dairy,9.77
Bread,6.24
Bread,9.72
Bread,9.87
Dairy,5.63
Dairy,11.90
Bread,Fluffy
Bread,5.57
Dairy,8.12
Dairy,2.66
Bread,Squirrels
Dairy,2.16
Dairy,Squirrels
Dairy,8.07
Dairy,9.42
Dairy,8.01
Bread,10.40
Dairy,5.25
Bread,1.75
Bread,9.75
Dairy,5.72
Bread,7.43
Bread,10.33
Bread,4.51
Delci,5.62
Dairy,8.58
Dairy,14.08
Dairy,Fluffy
Bread,7.78
Dairy,11.44
Bread,11.04
Dairy,11.12
Bread,1.60
Dairy,Fluffy
Dairy,3.36
Bread,0.89
Squirrels,5.77
Bread,7.20
Dairy,12.72
Bread,4.41
Fluffy,10.61
Bread,12.42
Dairy,10.57
Bread,5.50
Bread,4.64
Fluffy,12.03
Dairy,10.17
Dairy,1.23
Bread,3.95
Dairy,7.95
Dairy,10.84
Bread,14.10
Bread,6.57
Dairy,10.44
Dairy,2.21
Bread,5.61
Bread,Squirrels
Bread,11.35
Bread,10.66
Dairy,1.13
Bread,4.40
Dairy,Fluffy
Bread,14.08
Bread,8.09
Bread,4.69
Dairy,8.58
Bread,8.06
Dairy,7.76
Bread,14.29
Bread,5.59
Squirrels,6.29
Dairy,1.71
Bread,14.08
Dairy,14.32
Bread,2.72
Bread,14.28
Dairy,2.27
Bread,8.59
Dairy,9.73
Dairy,14.89
Bread,9.50
Bread,5.49
Dairy,10.24
Bread,6.89
Bread,14.45
Bread,14.00
Dairy,2.10
Bread,7.58
Dairy,4.38
Dairy,6.73
Bread,11.84
Fluffy,6.29
Bread,7.18
Dairy,Squirrels
Dairy,11.71
Bread,10.18
Dairy,6.66
Dairy,5.79
Dairy,7.79
Bread,10.52
Bread,6.57
Bread,9.40
Dairy,Delci
Bread,11.92
Bread,13.68
Bread,11.42
Dairy,2.41
Dairy,11.64
Squirrels,6.07
Bread,10.57
Bread,6.55
Dairy,13.28
Bread,10.51
Bread,11.53
Bread,14.35
Dairy,Delci
Bread,5.55
Bread,4.91
Bread,7.93
Dairy,12.61
Bread,10.77
Dairy,1.77
Dairy,5.99
Fluffy,10.08
Bread,14.85
Dairy,Fluffy
Dairy,9.18
Bread,10.91
Dairy,13.28
Dairy,0.80
Bread,8.31
Bread,10.35
Dairy,13.93
Dairy,13.11
Bread,8.58
Fluffy,2.70
Bread,7.38
Bread,9.28
Dairy,8.39
Bread,8.05
Dairy,13.02
Bread,12.10
Bread,Squirrels
Fluffy,8.40
Bread,8.60
Bread,9.93
Bread,4.69
Dairy,7.70
Bread,5.63
Dairy,2.65
Dairy,13.56
Bread,8.77
Dairy,7.03
Fluffy,6.37
Dairy,4.82
Dairy,10.24
Bread,11.83
Bread,Squirrels
Bread,6.58
Dairy,12.85
Dairy,4.93
Dairy,13.37
Dairy,4.14
Bread,3.93
Dairy,2.27
Dairy,4.95
Bread,3.75
Bread,6.24
Bread,13.88
Bread,8.01
Bread,3.64
Bread,2.12
Dairy,4.48
Bread,6.75
Fluffy,14.22
Fluffy,6.29
Bread,11.37
Dairy,7.42
Dairy,13.93
Bread,1.22
Bread,9.46
Bread,0.84
Dairy,9.23
Bread,1.91
Dairy,4.64
Dairy,11.20
Bread,2.50
Dairy,11.04
Dairy,7.34
Dairy,10.62
Dairy,6.76
Bread,8.26
Dairy,14.15
Dairy,12.05
Bread,13.55
Bread,2.46
Dairy,10.55
Dairy,7.43
Dairy,14.74
Dairy,7.87
Dairy,13.81
Dairy,9.91
Dairy,6.51
Bread,2.78
Dairy,1.95
Dairy,13.10
Dairy,Delci
Bread,4.18
Bread,6.89
Dairy,14.18
Dairy,1.83
Bread,9.53
Bread,3.42
Bread,4.44
Squirrels,6.66
Dairy,2.56
Bread,Fluffy
Bread,1.47
Bread,9.24
Bread,6.38
Bread,9.11
Dairy,6.04
Dairy,8.44
Bread,7.92
Dairy,11.52
Bread,10.16
Dairy,Fluffy
Bread,11.08
Bread,2.42
Dairy,10.87
Dairy,11.41
Dairy,14.23
Bread,2.56
Bread,8.47
Bread,4.55
Dairy,10.94
Dairy,7.48
Dairy,1.74
Bread,13.25
Bread,2.79
Bread,12.49
Dairy,Squirrels
Delci,6.91
Dairy,10.38
Bread,12.55
Bread,10.86
Dairy,6.47
Bread,Squirrels
Bread,6.25
Dairy,4.26
Dairy,4.60
Dairy,9.72
Bread,3.98
Dairy,12.85
Dairy,12.79
Bread,2.48
Dairy,8.70
Bread,12.30
Dairy,2.21
Bread,11.73
Fluffy,5.75
Dairy,2.85
Bread,6.07
Dairy,5.33
Bread,7.71
Dairy,4.46
Bread,13.39
Fluffy,3.75
Dairy,7.54
Bread,5.95
Bread,8.76
Dairy,11.82
Bread,3.72
Fluffy,12.46
Dairy,2.24
Bread,4.56
Dairy,7.01
Dairy,10.51
Bread,5.26
Dairy,8.61
Bread,10.26
Bread,13.01
Dairy,Fluffy
Bread,11.38
Dairy,13.69
Bread,5.68
Dairy,4.33
Dairy,5.38
Bread,Fluffy
Squirrels,8.75
Dairy,1.60
Dairy,7.76
Dairy,14.97
Dairy,Delci
Dairy,Squirrels
Bread,12.96
Squirrels,3.37
Dairy,12.93
Bread,12.67
Bread,14.78
Delci,1.73
Dairy,14.52
Dairy,8.78
Fluffy,13.46
Dairy,4.58
Bread,13.70
Dairy,9.69
Dairy,5.55
Dairy,2.91
Bread,6.88
Dairy,12.87
Dairy,6.37
Bread,8.90
Dairy,9.01
Dairy,4.37
Dairy,12.39
Dairy,5.37
Dairy,Delci
Dairy,13.95
Bread,10.70
Bread,8.90
Dairy,6.42
Dairy,11.65
Bread,6.08
Bread,10.62
Dairy,Squirrels
Fluffy,7.85
Bread,5.75
Dairy,3.32
Bread,9.30
Squirrels,7.08
Dairy,11.56
Bread,15.00
Bread,2.97
Dairy,2.23
Dairy,5.07
Dairy,12.82
Dairy,11.88
Fluffy,7.46
Dairy,10.72
Dairy,10.69
Bread,5.25
Dairy,13.77
Bread,10.57
Dairy,7.19
Bread,4.43
Dairy,11.66
Dairy,12.10
Bread,2.42
Bread,12.16
Dairy,Squirrels
Bread,13.91
Bread,2.84
Dairy,11.42
Delci,2.53
Bread,13.04
Bread,6.82
Bread,6.85
Dairy,Squirrels
Dairy,4.66
Bread,3.30
Bread,14.78
Bread,2.60
Dairy,12.92
Bread,8.93
Bread,13.09
Dairy,1.00
Dairy,2.63
Dairy,2.13
Dairy,11.14
Dairy,12.95
Dairy,4.20
Bread,4.33
Dairy,Fluffy
Bread,4.78
Bread,2.89
Bread,6.51
Dairy,11.00
Bread,14.85
Bread,Squirrels
Bread,13.58
Bread,Fluffy
Bread,4.39
Dairy,9.42
Bread,7.91
Bread,3.82
Dairy,6.01
Bread,7.89
Dairy,Delci
Bread,5.55
Bread,7.83
Fluffy,1.99
Dairy,5.11
Dairy,12.70
Bread,9.51
Bread,1.09
Dairy,1.22
Bread,1.42
Bread,5.96
Dairy,3.89
Bread,3.57
Dairy,3.34
Bread,1.74
Bread,9.87
Bread,11.64
Bread,11.76
Bread,12.39
Bread,14.66
Bread,9.77
Bread,10.71
Dairy,10.74
Bread,6.25
Dairy,13.66
Dairy,13.59
Bread,7.08
Dairy,5.48
Dairy,5.71
Dairy,11.56
Bread,13.31
Bread,8.40
Bread,6.37
Dairy,10.51
Dairy,Fluffy
Dairy,12.94
Bread,11.04
Dairy,5.99
Dairy,6.02
Bread,6.89
Dairy,9.30
Dairy,6.58
Dairy,10.29
Dairy,1.97
Dairy,9.01
Dairy,5.92
Bread,2.87
Bread,13.80
Bread,1.83
Dairy,2.00
Bread,13.88
Bread,7.26
Dairy,11.24
Bread,5.93
Dairy,10.46
Bread,4.21
Bread,2.60
Dairy,1.89
Bread,8.86
Bread,9.64
Dairy,1.11
Bread,1.31
Bread,12.21
Dairy,4.47
Dairy,5.23
Dairy,11.90
Squirrels,2.91
Dairy,13.06
Dairy,7.31
Dairy,2.96
Dairy,14.41
Dairy,8.67
Dairy,11.76
Bread,1.94
Dairy,6.54
Bread,6.43
Dairy,9.33
Bread,11.25
Dairy,3.95
Bread,3.99
Dairy,Delci
Dairy,7.14
Dairy,2.03
Bread,12.79
Bread,5.30
Bread,Squirrels
Dairy,12.60
Squirrels,8.13
Bread,4.87
Bread,4.01
Dairy,5.56
Bread,6.30
Bread,10.91
Bread,12.38
Bread,3.00
Dairy,12.35
Dairy,1.95
Bread,14.95
Dairy,4.05
Bread,5.29
Dairy,5.70
Bread,12.34
Dairy,11.36
Delci,11.15
Bread,14.82
Dairy,Delci
Dairy,Fluffy
Dairy,14.50
Bread,1.88
Dairy,13.40
Bread,4.78
Dairy,4.45
Dairy,9.42
Dairy,13.93
Bread,14.82
Bread,6.07
Bread,7.37
Bread,7.67
Dairy,12.47
Dairy,11.19
Bread,2.66
Dairy,7.89
Bread,3.57
Bread,11.11
Dairy,1.11
Bread,5.52
Bread,10.91
Dairy,1.53
Bread,8.49
Bread,8.41
Fluffy,1.64
Dairy,12.32
Dairy,Delci
Bread,11.65
Dairy,8.61
Bread,11.13
Bread,10.28
Dairy,2.69
Dairy,1.59
Dairy,1.80
Dairy,2.69
Delci,7.89
Bread,14.49
Dairy,8.95
Dairy,10.49
Bread,12.35
Dairy,Squirrels
Bread,14.45
Bread,12.18
Dairy,5.20
Dairy,2.48
Dairy,5.64
Bread,14.62
Dairy,Fluffy
Bread,7.65
Dairy,1.59
Bread,12.25
Dairy,5.18
Dairy,14.04
Bread,9.53
Bread,13.26
Dairy,10.17
Dairy,10.95
Dairy,2.22
Bread,2.81
Bread,8.45
Bread,2.25
Bread,Squirrels
Dairy,3.42
Dairy,4.60
Dairy,1.42
Dairy,3.29
Delci,8.73
Dairy,1.59
Dairy,4.77
Dairy,4.09
Dairy,10.38
Dairy,10.89
Bread,13.66
Dairy,4.69
Bread,7.75
Dairy,7.57
Dairy,12.52
Bread,10.08
Bread,3.68
Bread,14.08
Bread,0.83
Dairy,Fluffy
Bread,0.88
Dairy,6.12
Bread,8.44
Bread,3.12
Bread,9.97
Dairy,9.13
Bread,1.74
Dairy,11.94
Delci,5.14
Bread,13.43
Bread,4.64
Bread,3.56
Bread,7.46
Dairy,12.36
Bread,14.90
Dairy,8.94
Bread,8.81
Dairy,1.22
Bread,10.12
Dairy,7.78
Bread,3.29
Dairy,4.35
Dairy,14.92
Dairy,7.85
Dairy,7.16
Bread,3.38
Dairy,0.81
Bread,14.90
Bread,7.46
Bread,6.00
Delci,2.98
Bread,14.62
Bread,12.65
Dairy,11.45
Fluffy,3.52
Dairy,3.29
Bread,10.74
Dairy,12.11
Bread,2.06
Bread,12.84
Bread,4.31
Bread,1.10
Dairy,9.82
Bread,10.04
Bread,9.90
Bread,8.20
Dairy,10.33
Bread,9.13
Bread,4.24
Bread,8.13
Dairy,8.72
Dairy,1.72
Dairy,6.60
Bread,9.74
Bread,10.54
Dairy,3.19
Dairy,12.90
Bread,8.17
Dairy,2.10
Bread,9.86
Dairy,8.41
Bread,1.17
Bread,13.58
Dairy,10.01
Bread,1.02
Bread,12.23
Dairy,6.97
Dairy,13.89
Dairy,8.77
Dairy,14.82
Bread,13.44
Dairy,2.89
Dairy,3.27
Dairy,8.87
Bread,14.94
Bread,2.56
Bread,9.07
Dairy,4.18
Dairy,13.04
Dairy,5.43
Bread,9.06
Bread,5.54
Bread,10.64
Bread,3.93
Bread,5.77
Dairy,2.22
Dairy,3.21
Dairy,7.52
Bread,4.25
Bread,13.91
Dairy,13.84
Bread,7.74
Dairy,9.48
Bread,5.29
Dairy,3.40
Bread,7.92
Dairy,6.19
Bread,4.33
Bread,10.57
Dairy,10.91
Dairy,14.27
Dairy,12.28
Bread,12.08
Dairy,5.60
Bread,5.47
Bread,Fluffy
Bread,12.12
Dairy,11.01
Bread,4.83
Dairy,4.27
Dairy,11.24
Bread,14.50
Dairy,12.97
Bread,Fluffy
Dairy,4.11
Squirrels,11.91
Dairy,6.65
Dairy,9.24
Dairy,13.05
Dairy,12.82
Delci,7.02
Bread,9.71
Bread,10.08
Dairy,11.25
Dairy,11.15
Dairy,0.95
Dairy,6.46
Fluffy,3.10
Dairy,3.82
Bread,1.71
Bread,7.34
Bread,1.49
Dairy,9.50
Delci,5.86
Dairy,9.33
Dairy,9.52
Bread,3.19
Dairy,14.84
Dairy,7.10
Dairy,6.15
Dairy,8.14
Bread,1.78
Dairy,3.92
Dairy,0.92
Bread,2.76
Bread,1.44
Bread,14.95
Bread,11.57
Dairy,2.52
Bread,12.94
Dairy,11.28
Dairy,14.06
Dairy,5.30
Dairy,2.22
Dairy,13.28
Fluffy,12.80
Dairy,8.97
Bread,12.28
Bread,3.02
Bread,4.81
Dairy,7.44
Bread,8.55
Squirrels,10.96
Bread,9.34
Dairy,9.33
Bread,5.18
Bread,14.69
Bread,2.71
Dairy,8.09
Bread,1.38
Bread,3.35
Bread,8.76
Dairy,11.52
Bread,4.44
Bread,10.82
Bread,12.78
Squirrels,2.66
Bread,13.58
Dairy,10.17
Dairy,0.90
Dairy,11.67
Bread,1.28
Fluffy,13.60
Bread,6.38
Dairy,3.44
Bread,13.16
Bread,5.32
Dairy,3.64
Bread,12.95
Bread,Squirrels
Bread,4.23
Bread,9.48
Bread,9.78
Dairy,12.33
Bread,0.90
Dairy,12.30
Bread,6.62
Bread,6.03
Fluffy,9.00
Bread,7.97
Dairy,10.82
Fluffy,6.61
Bread,9.18
Bread,10.69
Dairy,7.75
Delci,4.51
Bread,Delci
Dairy,9.70
Dairy,8.63
Bread,10.56
Bread,9.32
Dairy,12.55
Dairy,9.64
Bread,10.02
Bread,13.50
Dairy,12.99
Dairy,2.13
Dairy,6.77
Bread,11.61
Dairy,9.64
Bread,10.43
Dairy,5.13
Bread,1.50
Bread,10.32
Bread,1.42
Dairy,13.46
Dairy,7.13
Dairy,11.16
Dairy,10.95
Dairy,3.34
Dairy,Fluffy
Dairy,12.97
Dairy,12.00
Bread,3.87
Bread,11.49
Dairy,11.18
Bread,12.14
Dairy,9.57
Dairy,11.69
Dairy,11.20
Bread,8.65
Bread,5.49
Dairy,4.79
Dairy,Squirrels
Bread,7.73
Bread,10.67
Bread,4.69
Dairy,14.73
Bread,5.94
Dairy,6.69
Bread,9.92
Bread,8.46
Bread,11.06
Bread,3.05
Squirrels,11.42
Dairy,6.45
Dairy,12.51
Bread,5.07
Bread,9.08
Bread,6.49
Dairy,1.27
Bread,14.50
Bread,5.33
Dairy,3.01
Dairy,Delci
Dairy,10.37
Fluffy,6.32
Dairy,12.89
Dairy,13.41
Bread,8.15
Dairy,1.91
Bread,7.21
Dairy,9.45
Dairy,12.67
Dairy,14.35
Dairy,5.00
Bread,6.76
Bread,1.69
Dairy,8.65
Bread,11.17
Dairy,Squirrels
Bread,11.36
Bread,8.29
Bread,2.14
Bread,Squirrels
Dairy,3.31
Bread,13.41
Bread,Fluffy
Bread,Delci
Bread,3.43
Bread,14.33
Squirrels,4.85
Bread,6.19
Bread,2.27
Bread,10.33
Dairy,3.63
Dairy,2.52
Dairy,Fluffy
Bread,Delci
Bread,6.64
Bread,9.08
Dairy,14.75
Bread,Delci
Bread,3.77
Bread,8.76
Bread,11.02
Delci,4.53
Bread,1.90
Dairy,0.87
Dairy,4.22
Bread,12.51
Dairy,11.21
Dairy,10.20
Dairy,6.10
Squirrels,0.92
Bread,5.43
Bread,9.29
Dairy,1.91
Fluffy,11.58
Bread,6.93
Dairy,10.67
Dairy,14.89
Bread,2.34
Dairy,3.96
Bread,4.52
Dairy,8.53
Bread,Fluffy
Bread,Squirrels
Dairy,1.03
Bread,1.96
Squirrels,8.39
Dairy,8.74
Bread,4.90
Dairy,Delci
Bread,9.45
Dairy,13.84
Dairy,Delci
Bread,14.80
Bread,7.40
Bread,9.35
Bread,2.41
Dairy,4.48
Dairy,7.55
Bread,5.17
Bread,13.91
Bread,6.46
Bread,5.15
Bread,9.39
Bread,8.08
Dairy,1.25
Bread,4.55
Bread,2.97
Bread,3.40
Bread,11.75
Dairy,1.97
Bread,13.13
Dairy,Delci
Bread,2.86
Bread,2.96
Bread,13.32
Dairy,4.98
Dairy,Squirrels
Dairy,14.85
Bread,2.24
Dairy,8.18
Bread,11.47
Dairy,12.89
Dairy,6.03
Dairy,8.76
Bread,5.11
Bread,14.82
Bread,3.63
Bread,10.30
Bread,1.76
Dairy,7.05
Squirrels,10.93
Bread,13.56
Bread,12.85
Bread,3.34
Dairy,12.02
Dairy,3.15
Bread,Fluffy
Bread,1.85
Bread,Squirrels
Bread,3.23
Bread,14.82
Dairy,9.92
Dairy,12.68
Dairy,8.08
Dairy,13.82
Dairy,7.93
Bread,1.17
Dairy,4.99
Bread,14.84
Squirrels,5.35
Bread,7.41
Dairy,14.91
Delci,1.31
Bread,Delci
Bread,8.40
Bread,Squirrels
Bread,11.06
Dairy,12.44
Dairy,11.91
Dairy,3.22
Dairy,11.36
Bread,8.16
Bread,2.45
Dairy,9.29
Bread,11.59
Dairy,0.80
Bread,Delci
Bread,11.50
Bread,2.62
Bread,12.86
Bread,14.02
Bread,14.57
Bread,13.90
Bread,9.01
Dairy,4.72
Dairy,10.95
Dairy,7.48
Dairy,7.40
Bread,10.32
Dairy,12.07
Dairy,10.16
Dairy,14.86
Bread,11.96
Dairy,14.08
Bread,14.41
Squirrels,0.98
Bread,8.95
Delci,8.82
Dairy,8.86
Bread,13.09
Bread,10.24
Bread,5.96
Dairy,Delci
Dairy,5.90
Dairy,13.27
Dairy,10.26
Bread,13.05
Dairy,1.76
Bread,6.61
Dairy,7.14
Dairy,5.33
Dairy,6.36
Dairy,11.66
Bread,3.46
Dairy,9.86
Delci,5.12
Bread,8.20
Dairy,9.64
Dairy,Squirrels
Dairy,11.26
Dairy,10.40
Bread,9.55
Dairy,6.20
Dairy,9.01
Bread,7.04
Dairy,7.00
Dairy,5.74
Dairy,10.20
Bread,Fluffy
Bread,3.05
Dairy,Squirrels
Bread,0.82
Bread,Delci
Bread,14.11
Bread,7.86
Dairy,7.51
Dairy,8.23
Dairy,3.18
Dairy,14.14
Dairy,9.92
Dairy,Delci
Bread,Squirrels
Dairy,14.98
Bread,Squirrels
Bread,3.87
Bread,7.67
Bread,1.13
Delci,11.95
Dairy,13.59
Dairy,Squirrels
Dairy,4.37
Bread,8.48
Dairy,12.31
Bread,2.33
Dairy,11.75
Bread,5.66
Bread,12.46
Dairy,4.39
Bread,7.19
Dairy,4.77
Dairy,4.73
Dairy,1.97
Dairy,4.72
Bread,13.05
Bread,10.92
Dairy,10.58
Dairy,8.89
Dairy,14.98
Bread,7.20
Dairy,12.86
Dairy,12.35
Bread,5.29
Bread,12.49
Bread,3.21
Dairy,Delci
Bread,11.52
Dairy,7.59
Bread,0.88
Dairy,4.83
Dairy,9.94
Bread,7.71
Bread,3.38
Dairy,14.86
Dairy,5.04
Dairy,12.76
Dairy,9.97
Bread,1.96
Bread,7.30
Dairy,2.63
Dairy,14.67
Bread,5.27
Dairy,5.75
Dairy,2.63
Squirrels,14.89
Bread,2.13
Dairy,2.42
Dairy,11.16
Dairy,Squirrels
Dairy,13.17
Dairy,14.81
Dairy,8.26
Dairy,4.99
Bread,3.86
Bread,10.54
Squirrels,12.84
Dairy,4.43
Dairy,3.14
Dairy,14.24
Dairy,10.52
Dairy,14.30
Bread,9.23
Bread,2.37
Dairy,3.21
Delci,14.31
Bread,11.79
Dairy,5.51
Bread,13.67
Dairy,Fluffy
Dairy,5.19
Squirrels,10.63
Dairy,13.05
Dairy,10.88
Bread,8.50
Bread,13.36
Bread,Squirrels
Dairy,13.72
Bread,6.19
Fluffy,11.53
Dairy,3.53
Fluffy,4.05
Fluffy,8.79
Dairy,2.16
Dairy,13.14
Bread,1.20
Dairy,3.94
Dairy,3.25
Dairy,10.24
Fluffy,14.49
Bread,12.79
Dairy,13.56
Bread,4.48
Bread,11.68
Bread,Delci
Bread,5.34
Bread,3.50
Dairy,11.63
Delci,11.89
Bread,5.81
Dairy,11.88
Delci,7.36
Dairy,8.45
Dairy,5.01
Dairy,6.01
Bread,3.48
Bread,5.60
Bread,10.35
Dairy,7.45
Dairy,2.66
Bread,13.29
Bread,6.46
Dairy,2.78
Squirrels,9.58
Bread,12.28
Dairy,5.48
Bread,13.72
Bread,8.17
Bread,5.27
Dairy,5.03
Dairy,4.23
Bread,9.73
Dairy,4.12
Bread,5.13
Bread,4.42
Dairy,10.22
Dairy,9.52
Bread,4.05
Bread,3.47
Dairy,10.88
Bread,14.20
Dairy,13.76
Fluffy,12.80
Bread,3.71
Dairy,3.83
Dairy,11.69
Bread,9.05
Dairy,Fluffy
Dairy,9.01
Dairy,13.93
Dairy,14.88
Bread,5.27
Dairy,11.12
Dairy,5.68
Dairy,5.79
Bread,7.09
Dairy,9.03
Bread,3.71
Dairy,10.50
Dairy,11.24
Fluffy,10.27
Dairy,Squirrels
Dairy,5.05
Dairy,8.85
Bread,7.18
Delci,5.15
Bread,11.60
Bread,7.26
Dairy,11.83
Dairy,Fluffy
Bread,12.11
Bread,Fluffy
Bread,5.56
Dairy,2.03
Dairy,11.83
Fluffy,8.47
Dairy,10.07
Bread,Fluffy
Dairy,11.83
Bread,8.71
Dairy,2.88
Bread,6.07
Bread,14.41
Dairy,11.22
Bread,8.24
Bread,3.63
Dairy,10.87
Bread,6.86
Bread,9.53
Bread,7.79
Dairy,3.20
Bread,1.01
Bread,14.77
Bread,8.77
Bread,13.59
Dairy,3.12
Bread,3.37
Bread,8.96
Dairy,Delci
Bread,14.88
Dairy,5.05
Squirrels,2.60
Bread,4.25
Dairy,9.72
Dairy,5.28
Bread,9.55
Bread,10.16
Bread,4.92
Bread,6.39
Dairy,Fluffy
Dairy,12.30
Dairy,Squirrels
Dairy,6.05
Dairy,2.77
Bread,5.23
Bread,13.07
Dairy,3.03
Dairy,1.29
Dairy,8.31
Bread,12.28
Dairy,13.81
Dairy,Fluffy
Bread,8.95
Dairy,11.67
Dairy,14.43
Bread,3.82
Bread,5.18
Bread,0.81
Dairy,14.46
Dairy,13.50
Dairy,8.66
Dairy,5.16
Bread,2.97
Bread,11.25
Bread,2.62
Bread,11.41
Bread,Fluffy
Bread,9.63
Dairy,4.47
Dairy,10.01
Delci,7.60
Dairy,5.34
Bread,Squirrels
Dairy,13.08
Dairy,5.27
Bread,Fluffy
Bread,14.43
Bread,Squirrels
Dairy,12.86
Bread,4.85
Bread,8.41
Bread,5.85
Bread,11.65
Dairy,Fluffy
Bread,7.50
Bread,3.67
Bread,14.61
Bread,2.76
Bread,4.18
Bread,9.37
Bread,1.67
Dairy,10.63
Squirrels,1.16
Dairy,13.66
Bread,9.24
Bread,9.53
Bread,5.29
Bread,6.04
Dairy,13.22
Fluffy,8.16
Bread,Fluffy
Bread,6.22
Dairy,6.00
Dairy,4.65
Bread,3.81
Dairy,5.86
Bread,12.84
Bread,2.04
Dairy,10.21
Bread,7.27
Dairy,2.93
Bread,13.21
Bread,6.28
Bread,7.41
Dairy,12.79
Dairy,1.34
Bread,11.18
Dairy,12.61
Dairy,2.69
Dairy,9.20
Dairy,14.88
Dairy,2.64
Dairy,Delci
Dairy,13.74
Dairy,Delci
Dairy,5.47
Dairy,11.76
Bread,13.38
Bread,14.14
Dairy,11.45
Bread,Delci
Bread,10.59
Dairy,5.28
Dairy,5.23
Dairy,11.22
Dairy,6.15
Bread,12.69
Bread,1.58
Bread,3.15
Dairy,11.02
Dairy,14.07
Bread,10.20
Bread,8.93
Bread,5.56
Dairy,Fluffy
Dairy,8.53
Bread,11.07
Dairy,10.47
Bread,14.41
Bread,5.20
Dairy,6.57
Bread,14.65
Bread,2.62
Bread,14.71
Dairy,9.61
Bread,3.15
Bread,7.88
Dairy,9.93
Dairy,6.72
Dairy,8.85
Bread,Fluffy
Dairy,3.07
Squirrels,12.25
Bread,10.92
Dairy,1.60
Dairy,Delci
Bread,4.93
Dairy,5.59
Bread,8.25
Dairy,7.94
Dairy,Delci
Bread,3.80
Delci,14.64
Bread,12.27
Bread,11.44
Bread,6.26
Bread,3.75
Bread,8.04
Bread,10.38
Dairy,8.46
Bread,3.17
Dairy,9.60
Bread,8.67
Dairy,7.83
Bread,7.70
Dairy,7.99
Bread,Squirrels
Dairy,13.00
Dairy,5.34
Bread,4.23
Bread,6.12
Bread,6.45
Dairy,4.71
Dairy,2.36
Dairy,Squirrels
Dairy,3.07
Bread,12.52
Dairy,12.60
Bread,12.86
Dairy,14.25
Dairy,14.11
Bread,8.74
Dairy,2.44
Bread,7.96
Bread,12.88
Dairy,Squirrels
Dairy,10.20
Dairy,14.50
Dairy,5.78
Bread,4.07
Dairy,7.18
Dairy,13.21
Bread,13.37
Bread,8.89
Bread,11.70
Squirrels,5.45
Dairy,14.85
Dairy,3.57
Bread,11.82
Dairy,1.37
Bread,14.82
Dairy,7.19
Dairy,13.19
Dairy,5.99
Dairy,14.14
Dairy,9.91
Bread,4.66
Bread,2.85
Bread,Squirrels
Dairy,7.01
Bread,12.31
Fluffy,2.41
Bread,2.34
Dairy,2.68
Dairy,6.69
Bread,6.77
Dairy,6.18
Bread,5.13
Bread,2.89
Dairy,10.22
Dairy,5.83
Dairy,7.46
Bread,6.22
Bread,5.13
Bread,1.53
Dairy,4.42
Bread,9.40
Bread,11.18
Dairy,1.16
Dairy,12.19
Bread,1.54
Dairy,Squirrels
Bread,Squirrels
Bread,14.08
Dairy,7.73
Dairy,14.18
Dairy,6.09
Bread,4.84
Bread,14.30
Bread,7.41
Bread,10.83
Dairy,6.02
Dairy,3.33
Dairy,2.29
Bread,Delci
Dairy,12.14
Dairy,3.59
Bread,14.94
Dairy,12.12
Dairy,11.39
Bread,7.49
Dairy,8.97
Bread,2.67
Dairy,Delci
Bread,11.16
Bread,10.85
Dairy,4.72
Dairy,14.58
Dairy,1.37
Dairy,12.66
Bread,Delci
Dairy,13.67
Bread,9.61
Dairy,9.89
Bread,14.93
Bread,8.83
Bread,13.55
Dairy,2.33
Dairy,10.38
Dairy,1.55
Dairy,8.06
Bread,1.54
Bread,14.81
Bread,8.99
Bread,5.52
Bread,12.02
Bread,10.98
Bread,8.35
Dairy,2.09
Bread,2.63
Dairy,Squirrels
Fluffy,12.92
Bread,4.32
Dairy,4.86
Squirrels,12.47
Dairy,Squirrels
Bread,11.87
Dairy,12.25
Bread,7.20
Dairy,8.81
Dairy,2.80
Dairy,8.43
Dairy,14.95
Delci,11.84
Dairy,7.70
Bread,4.26
Bread,0.81
Dairy,5.62
Dairy,5.94
Bread,2.22
Dairy,5.77
Dairy,10.73
Dairy,9.24
Dairy,8.23
Dairy,13.94
Fluffy,11.01
Bread,2.31
Bread,13.59
Bread,Squirrels
Dairy,2.08
Dairy,5.86
Bread,6.19
Bread,1.49
Bread,6.61
Bread,3.50
Delci,6.96
Bread,10.17
Bread,7.33
Dairy,13.99
Bread,12.71
Dairy,12.94
Dairy,6.49
Bread,5.55
Bread,Delci
Bread,8.15
Dairy,3.68
Bread,8.15
Bread,6.47
Bread,11.90
Dairy,3.02
Bread,1.30
Squirrels,13.48
Bread,8.34
Dairy,1.48
Dairy,4.88
Dairy,10.03
Dairy,3.10
Dairy,10.36
Bread,11.04
Bread,4.79
Bread,7.27
Bread,13.99
Squirrels,14.91
Bread,3.60
Bread,10.83
Dairy,9.14
Dairy,1.24
Dairy,1.94
Bread,7.72
Dairy,1.31
Bread,13.05
Bread,14.58
Dairy,11.58
Dairy,Squirrels
Bread,12.17
Bread,12.47
Bread,7.20
Dairy,Delci
Bread,Delci
Bread,11.22
Dairy,Squirrels
Dairy,11.17
Bread,12.22
Bread,5.39
Dairy,6.45
Bread,1.57
Bread,0.85
Dairy,9.06
Bread,11.49
Delci,10.15
Bread,12.40
Bread,8.78
Bread,11.44
Dairy,0.92
Dairy,3.98
Dairy,12.73
Squirrels,2.43
Bread,13.61
Bread,Fluffy
Dairy,3.86
Dairy,9.10
Dairy,2.11
Dairy,12.38
Dairy,15.00
Dairy,Delci
Dairy,8.55
Dairy,10.75
Dairy,5.30
Dairy,4.81
Bread,12.66
Bread,8.05
Dairy,8.93
Dairy,Delci
Dairy,3.55
Dairy,7.07
Dairy,14.47
Bread,13.93
Dairy,6.39
Dairy,2.79
Bread,2.92
Bread,14.51
Bread,13.66
Bread,4.82
Bread,7.50
Delci,10.14
Dairy,7.57
Dairy,6.69
Dairy,9.69
Bread,5.90
Bread,1.17
Bread,10.19
Dairy,12.54
Dairy,5.78
Dairy,12.84
Bread,1.00
Bread,13.90
Bread,2.01
Dairy,7.34
Bread,14.98
Dairy,11.65
Bread,5.14
Dairy,0.92
Dairy,9.05
Dairy,7.18
Dairy,7.66
Dairy,12.77
Bread,Squirrels
Dairy,11.19
Dairy,10.23
Dairy,12.21
Bread,3.06
Bread,3.85
Bread,11.90
Dairy,Squirrels
Dairy,14.04
Dairy,13.52
Dairy,11.74
Bread,3.80
Dairy,2.89
Dairy,5.09
Dairy,11.38
Dairy,1.43
Bread,9.66
Delci,0.98
Bread,14.39
Dairy,8.18
Squirrels,4.26
Dairy,13.87
Bread,1.61
Dairy,5.92
Delci,11.53
Bread,Fluffy
Dairy,14.93
Bread,8.99
Bread,8.80
Bread,1.71
Dairy,4.39
Dairy,2.33
Bread,6.33
Bread,13.73
Bread,13.89
Dairy,Squirrels
Bread,Delci
Dairy,6.33
Dairy,1.31
Dairy,1.50
Bread,9.87
Dairy,9.32
Dairy,4.77
Dairy,12.60
Dairy,Delci
Dairy,9.74
Dairy,4.33
Dairy,14.32
Delci,1.29
Dairy,8.26
Bread,13.59
Dairy,1.78
Bread,10.81
Bread,Delci
Dairy,8.83
Dairy,10.79
Dairy,7.62
Bread,7.66
Bread,4.54
Dairy,1.86
Dairy,4.66
Dairy,10.81
Bread,14.97
Bread,5.46
Bread,14.35
Dairy,12.56
Bread,3.52
Dairy,1.69
Bread,10.16
Bread,10.14
Bread,4.77
Dairy,11.55
Dairy,8.68
Dairy,4.19
Bread,7.66
Bread,4.08
Bread,6.02
Bread,6.17
Bread,11.77
Bread,5.79
Bread,2.12
Dairy,12.88
Bread,14.92
Dairy,11.09
Dairy,8.42
Dairy,8.69
Bread,Delci
Bread,5.00
Dairy,8.91
Dairy,3.97
Bread,1.92
Bread,4.42
Dairy,1.71
Dairy,5.06
Bread,9.41
Dairy,2.98
Dairy,12.24
Dairy,6.76
Bread,12.02
Bread,6.83
Dairy,11.30
Dairy,12.63
Bread,12.80
Bread,6.80
Bread,11.85
Bread,6.13
Bread,10.58
Dairy,8.26
Bread,13.17
Dairy,2.95
Bread,11.57
Dairy,14.82
Bread,2.42
Dairy,9.97
Dairy,6.60
Bread,3.10
Dairy,13.84
Bread,12.66
Dairy,1.75
Bread,6.22
Bread,7.55
Dairy,6.15
Bread,3.08
Bread,13.72
Bread,7.50
Dairy,4.77
Dairy,3.88
Bread,14.22
Bread,4.79
Bread,8.44
Dairy,9.01
Squirrels,12.98
Bread,9.43
Dairy,14.46
Bread,12.30
Bread,4.92
Bread,13.97
Dairy,13.95
Dairy,2.17
Dairy,13.24
Bread,4.31
Dairy,6.16
Bread,13.92
Bread,8.04
Bread,11.22
Bread,12.65
Dairy,5.03
Dairy,7.42
Dairy,9.48
Bread,5.05
Bread,9.74
Bread,11.52
Bread,4.90
Dairy,4.38
Dairy,10.17
Dairy,1.82
Dairy,8.61
Dairy,8.29
Bread,12.46
Bread,5.13
Dairy,13.45
Dairy,Fluffy
Bread,Delci
Bread,3.16
Dairy,Fluffy
Dairy,2.79
Bread,9.68
Bread,3.62
Delci,5.90
Dairy,14.34
Dairy,7.35
Bread,13.22
Dairy,12.85
Bread,2.07
Bread,3.09
Dairy,4.03
Bread,6.91
Bread,3.79
Bread,12.99
Bread,13.58
Dairy,Fluffy
Delci,3.21
Dairy,7.67
Dairy,7.43
Dairy,13.16
Dairy,7.68
Bread,3.41
Dairy,12.23
Bread,14.34
Dairy,12.38
Dairy,13.41
Dairy,4.46
Bread,3.58
Dairy,3.16
Dairy,6.11
Dairy,3.34
Dairy,13.90
Dairy,6.69
Dairy,6.20
Fluffy,14.43
Bread,12.30
Dairy,3.40
Dairy,7.90
Bread,10.67
Bread,10.50
Bread,14.50
Bread,11.11
Bread,13.10
Dairy,1.77
Bread,0.92
Dairy,3.98
Dairy,7.40
Dairy,Fluffy
Bread,9.55
Bread,12.30
Squirrels,1.12
Dairy,5.45
Dairy,10.05
Dairy,2.90
Dairy,8.54
Dairy,14.74
Bread,14.79
Bread,9.13
Bread,13.09
Bread,11.40
Bread,Squirrels
Dairy,6.71
Bread,9.29
Bread,3.91
Bread,12.78
Bread,3.56
Dairy,3.65
Bread,2.70
Bread,8.13
Bread,14.48
Fluffy,10.63
Dairy,11.60
Dairy,13.61
Dairy,14.96
Dairy,8.73
Bread,2.92
Bread,3.49
Dairy,7.07
Bread,2.47
Squirrels,11.18
Bread,9.42
Dairy,8.65
Dairy,13.02
Dairy,10.49
Dairy,11.58
Bread,4.42
Dairy,10.28
Bread,8.06
Dairy,2.58
Dairy,3.45
Squirrels,5.87
Bread,12.97
Dairy,9.99
Bread,Squirrels
Bread,2.64
Dairy,9.47
Dairy,8.53
Bread,5.63
Dairy,12.44
Bread,5.52
Dairy,14.63
Dairy,6.24
Dairy,0.84
Bread,13.72
Bread,6.43
Bread,2.04
Dairy,Fluffy
Dairy,8.89
Bread,7.69
Bread,3.11
Dairy,9.25
Dairy,12.72
Bread,12.22
Dairy,1.01
Bread,Fluffy
Bread,10.58
Bread,6.29
Bread,8.75
Dairy,2.29
Bread,2.29
Bread,5.21
Dairy,Delci
Dairy,6.81
Dairy,12.56
Bread,10.34
Bread,7.89
Bread,10.78
Bread,10.73
Dairy,12.03
Bread,12.07
Dairy,0.93
